,q_i1,q_i2,q_f1,q_f2,V_ffii,hf_lvl_i1,iso_i1,hf_lvl_i2,iso_i2,hf_lvl_f1,iso_f1,hf_lvl_f2,iso_f2
0,0.0,1.0,0.0,1.0,-10.548557,3.0,1.0,4.0,1.0,3.0,1.0,4.0,1.0
1,0.0,1.0,0.0,7.0,-1.097954,3.0,1.0,4.0,1.0,3.0,1.0,10.0,1.0
2,0.0,1.0,1.0,6.0,1.097954,3.0,1.0,4.0,1.0,4.0,1.0,9.0,1.0
3,0.0,1.0,2.0,3.0,-4.407839,3.0,1.0,4.0,1.0,5.0,1.0,6.0,1.0
4,0.0,1.0,4.0,5.0,6.129595,3.0,1.0,4.0,1.0,7.0,1.0,8.0,1.0
5,0.0,1.0,6.0,7.0,-3.565626,3.0,1.0,4.0,1.0,9.0,1.0,10.0,1.0
6,0.0,2.0,0.0,2.0,-3.916706,3.0,1.0,5.0,1.0,3.0,1.0,5.0,1.0
7,0.0,2.0,1.0,7.0,3.526475,3.0,1.0,5.0,1.0,4.0,1.0,10.0,1.0
8,0.0,2.0,2.0,6.0,0.911852,3.0,1.0,5.0,1.0,5.0,1.0,9.0,1.0
9,0.0,3.0,0.0,3.0,-0.491133,3.0,1.0,6.0,1.0,3.0,1.0,6.0,1.0
10,0.0,3.0,3.0,6.0,-1.639453,3.0,1.0,6.0,1.0,6.0,1.0,9.0,1.0
11,0.0,4.0,0.0,4.0,-5.409426,3.0,1.0,7.0,1.0,3.0,1.0,7.0,1.0
12,0.0,4.0,1.0,5.0,5.409426,3.0,1.0,7.0,1.0,4.0,1.0,8.0,1.0
13,0.0,4.0,4.0,6.0,0.41675,3.0,1.0,7.0,1.0,7.0,1.0,9.0,1.0
14,0.0,4.0,5.0,7.0,-0.41675,3.0,1.0,7.0,1.0,8.0,1.0,10.0,1.0
15,0.0,5.0,0.0,5.0,-0.720169,3.0,1.0,8.0,1.0,3.0,1.0,8.0,1.0
16,0.0,5.0,3.0,4.0,-0.194509,3.0,1.0,8.0,1.0,6.0,1.0,7.0,1.0
17,0.0,5.0,5.0,6.0,0.071544,3.0,1.0,8.0,1.0,8.0,1.0,9.0,1.0
18,0.0,6.0,0.0,6.0,-3.215624,3.0,1.0,9.0,1.0,3.0,1.0,9.0,1.0
19,0.0,6.0,1.0,3.0,3.526475,3.0,1.0,9.0,1.0,4.0,1.0,6.0,1.0
20,0.0,6.0,3.0,7.0,-0.826721,3.0,1.0,9.0,1.0,6.0,1.0,10.0,1.0
21,0.0,7.0,0.0,1.0,-1.097954,3.0,1.0,10.0,1.0,3.0,1.0,4.0,1.0
22,0.0,7.0,0.0,7.0,-0.350002,3.0,1.0,10.0,1.0,3.0,1.0,10.0,1.0
23,0.0,7.0,1.0,6.0,0.350002,3.0,1.0,10.0,1.0,4.0,1.0,9.0,1.0
24,0.0,7.0,2.0,3.0,0.727601,3.0,1.0,10.0,1.0,5.0,1.0,6.0,1.0
25,0.0,7.0,4.0,5.0,0.488294,3.0,1.0,10.0,1.0,7.0,1.0,8.0,1.0
26,0.0,7.0,6.0,7.0,0.474366,3.0,1.0,10.0,1.0,9.0,1.0,10.0,1.0
27,0.0,8.0,0.0,8.0,-1e-06,3.0,1.0,3.0,2.0,3.0,1.0,3.0,2.0
28,0.0,8.0,0.0,15.0,-0.000818,3.0,1.0,3.0,2.0,3.0,1.0,10.0,2.0
29,0.0,8.0,1.0,10.0,0.000947,3.0,1.0,3.0,2.0,4.0,1.0,5.0,2.0
30,0.0,8.0,3.0,9.0,-0.000947,3.0,1.0,3.0,2.0,6.0,1.0,4.0,2.0
31,0.0,8.0,3.0,14.0,-0.000235,3.0,1.0,3.0,2.0,6.0,1.0,9.0,2.0
32,0.0,8.0,5.0,12.0,4e-06,3.0,1.0,3.0,2.0,8.0,1.0,7.0,2.0
33,0.0,8.0,6.0,8.0,0.000826,3.0,1.0,3.0,2.0,9.0,1.0,3.0,2.0
34,0.0,8.0,6.0,15.0,-1e-06,3.0,1.0,3.0,2.0,9.0,1.0,10.0,2.0
35,0.0,8.0,7.0,10.0,0.000238,3.0,1.0,3.0,2.0,10.0,1.0,5.0,2.0
36,0.0,9.0,0.0,9.0,-5.235812,3.0,1.0,4.0,2.0,3.0,1.0,4.0,2.0
37,0.0,9.0,0.0,14.0,-0.532642,3.0,1.0,4.0,2.0,3.0,1.0,9.0,2.0
38,0.0,9.0,1.0,8.0,5.235812,3.0,1.0,4.0,2.0,4.0,1.0,3.0,2.0
39,0.0,9.0,1.0,15.0,0.532642,3.0,1.0,4.0,2.0,4.0,1.0,10.0,2.0
40,0.0,9.0,2.0,10.0,-2.183231,3.0,1.0,4.0,2.0,5.0,1.0,5.0,2.0
41,0.0,9.0,3.0,11.0,2.183231,3.0,1.0,4.0,2.0,6.0,1.0,6.0,2.0
42,0.0,9.0,4.0,12.0,3.014289,3.0,1.0,4.0,2.0,7.0,1.0,7.0,2.0
43,0.0,9.0,5.0,13.0,-3.014289,3.0,1.0,4.0,2.0,8.0,1.0,8.0,2.0
44,0.0,9.0,6.0,9.0,-0.546812,3.0,1.0,4.0,2.0,9.0,1.0,4.0,2.0
45,0.0,9.0,6.0,14.0,-1.753766,3.0,1.0,4.0,2.0,9.0,1.0,9.0,2.0
46,0.0,9.0,7.0,8.0,0.546812,3.0,1.0,4.0,2.0,10.0,1.0,3.0,2.0
47,0.0,9.0,7.0,15.0,1.753766,3.0,1.0,4.0,2.0,10.0,1.0,10.0,2.0
48,0.0,10.0,0.0,10.0,-0.241772,3.0,1.0,5.0,2.0,3.0,1.0,5.0,2.0
49,0.0,10.0,3.0,8.0,0.241316,3.0,1.0,5.0,2.0,6.0,1.0,3.0,2.0
50,0.0,10.0,3.0,15.0,-0.802055,3.0,1.0,5.0,2.0,6.0,1.0,10.0,2.0
51,0.0,10.0,6.0,10.0,0.809214,3.0,1.0,5.0,2.0,9.0,1.0,5.0,2.0
52,0.0,11.0,0.0,11.0,-1.94255,3.0,1.0,6.0,2.0,3.0,1.0,6.0,2.0
53,0.0,11.0,1.0,9.0,0.000947,3.0,1.0,6.0,2.0,4.0,1.0,4.0,2.0
54,0.0,11.0,1.0,14.0,1.73513,3.0,1.0,6.0,2.0,4.0,1.0,9.0,2.0
55,0.0,11.0,2.0,8.0,1.941916,3.0,1.0,6.0,2.0,5.0,1.0,3.0,2.0
56,0.0,11.0,2.0,15.0,0.44546,3.0,1.0,6.0,2.0,5.0,1.0,10.0,2.0
57,0.0,11.0,4.0,13.0,-0.00675,3.0,1.0,6.0,2.0,7.0,1.0,8.0,2.0
58,0.0,11.0,6.0,11.0,-0.451421,3.0,1.0,6.0,2.0,9.0,1.0,6.0,2.0
59,0.0,11.0,7.0,9.0,-1.750167,3.0,1.0,6.0,2.0,10.0,1.0,4.0,2.0
60,0.0,11.0,7.0,14.0,0.002475,3.0,1.0,6.0,2.0,10.0,1.0,9.0,2.0
61,0.0,12.0,0.0,12.0,-0.351333,3.0,1.0,7.0,2.0,3.0,1.0,7.0,2.0
62,0.0,12.0,3.0,13.0,-0.102702,3.0,1.0,7.0,2.0,6.0,1.0,8.0,2.0
63,0.0,12.0,4.0,10.0,0.092862,3.0,1.0,7.0,2.0,7.0,1.0,5.0,2.0
64,0.0,12.0,5.0,8.0,0.353648,3.0,1.0,7.0,2.0,8.0,1.0,3.0,2.0
65,0.0,12.0,5.0,15.0,0.037139,3.0,1.0,7.0,2.0,8.0,1.0,10.0,2.0
66,0.0,12.0,6.0,12.0,-0.02851,3.0,1.0,7.0,2.0,9.0,1.0,7.0,2.0
67,0.0,13.0,0.0,13.0,-2.615272,3.0,1.0,8.0,2.0,3.0,1.0,8.0,2.0
68,0.0,13.0,1.0,12.0,2.615272,3.0,1.0,8.0,2.0,4.0,1.0,7.0,2.0
69,0.0,13.0,4.0,8.0,2.660645,3.0,1.0,8.0,2.0,7.0,1.0,3.0,2.0
70,0.0,13.0,4.0,15.0,0.202287,3.0,1.0,8.0,2.0,7.0,1.0,10.0,2.0
71,0.0,13.0,5.0,9.0,-2.660645,3.0,1.0,8.0,2.0,8.0,1.0,4.0,2.0
72,0.0,13.0,5.0,14.0,-0.202287,3.0,1.0,8.0,2.0,8.0,1.0,9.0,2.0
73,0.0,13.0,6.0,13.0,-0.204933,3.0,1.0,8.0,2.0,9.0,1.0,8.0,2.0
74,0.0,13.0,7.0,12.0,0.204933,3.0,1.0,8.0,2.0,10.0,1.0,7.0,2.0
75,0.0,14.0,0.0,9.0,-0.532642,3.0,1.0,9.0,2.0,3.0,1.0,4.0,2.0
76,0.0,14.0,0.0,14.0,-0.168228,3.0,1.0,9.0,2.0,3.0,1.0,9.0,2.0
77,0.0,14.0,1.0,8.0,0.532642,3.0,1.0,9.0,2.0,4.0,1.0,3.0,2.0
78,0.0,14.0,1.0,15.0,0.168228,3.0,1.0,9.0,2.0,4.0,1.0,10.0,2.0
79,0.0,14.0,2.0,10.0,0.357497,3.0,1.0,9.0,2.0,5.0,1.0,5.0,2.0
80,0.0,14.0,3.0,11.0,-0.357497,3.0,1.0,9.0,2.0,6.0,1.0,6.0,2.0
81,0.0,14.0,4.0,12.0,0.233655,3.0,1.0,9.0,2.0,7.0,1.0,7.0,2.0
82,0.0,14.0,5.0,13.0,-0.233655,3.0,1.0,9.0,2.0,8.0,1.0,8.0,2.0
83,0.0,14.0,6.0,9.0,-0.170404,3.0,1.0,9.0,2.0,9.0,1.0,4.0,2.0
84,0.0,14.0,6.0,14.0,0.232045,3.0,1.0,9.0,2.0,9.0,1.0,9.0,2.0
85,0.0,14.0,7.0,8.0,0.170404,3.0,1.0,9.0,2.0,10.0,1.0,3.0,2.0
86,0.0,14.0,7.0,15.0,-0.232045,3.0,1.0,9.0,2.0,10.0,1.0,10.0,2.0
87,0.0,15.0,0.0,8.0,-0.000818,3.0,1.0,10.0,2.0,3.0,1.0,3.0,2.0
88,0.0,15.0,0.0,15.0,-1.570073,3.0,1.0,10.0,2.0,3.0,1.0,10.0,2.0
89,0.0,15.0,1.0,10.0,1.73513,3.0,1.0,10.0,2.0,4.0,1.0,5.0,2.0
90,0.0,15.0,3.0,9.0,-1.734336,3.0,1.0,10.0,2.0,6.0,1.0,4.0,2.0
91,0.0,15.0,3.0,14.0,-0.400754,3.0,1.0,10.0,2.0,6.0,1.0,9.0,2.0
92,0.0,15.0,5.0,12.0,0.005771,3.0,1.0,10.0,2.0,8.0,1.0,7.0,2.0
93,0.0,15.0,6.0,8.0,1.583361,3.0,1.0,10.0,2.0,9.0,1.0,3.0,2.0
94,0.0,15.0,6.0,15.0,-0.002274,3.0,1.0,10.0,2.0,9.0,1.0,10.0,2.0
95,0.0,15.0,7.0,10.0,0.406087,3.0,1.0,10.0,2.0,10.0,1.0,5.0,2.0
96,1.0,2.0,1.0,2.0,-0.491133,4.0,1.0,5.0,1.0,4.0,1.0,5.0,1.0
97,1.0,2.0,2.0,7.0,-1.639453,4.0,1.0,5.0,1.0,5.0,1.0,10.0,1.0
98,1.0,3.0,0.0,6.0,3.526475,4.0,1.0,6.0,1.0,3.0,1.0,9.0,1.0
99,1.0,3.0,1.0,3.0,-3.916706,4.0,1.0,6.0,1.0,4.0,1.0,6.0,1.0
100,1.0,3.0,3.0,7.0,0.911852,4.0,1.0,6.0,1.0,6.0,1.0,10.0,1.0
101,1.0,4.0,1.0,4.0,-0.720169,4.0,1.0,7.0,1.0,4.0,1.0,7.0,1.0
102,1.0,4.0,2.0,5.0,-0.194509,4.0,1.0,7.0,1.0,5.0,1.0,8.0,1.0
103,1.0,4.0,4.0,7.0,0.071544,4.0,1.0,7.0,1.0,7.0,1.0,10.0,1.0
104,1.0,5.0,0.0,4.0,5.409426,4.0,1.0,8.0,1.0,3.0,1.0,7.0,1.0
105,1.0,5.0,1.0,5.0,-5.409426,4.0,1.0,8.0,1.0,4.0,1.0,8.0,1.0
106,1.0,5.0,4.0,6.0,-0.41675,4.0,1.0,8.0,1.0,7.0,1.0,9.0,1.0
107,1.0,5.0,5.0,7.0,0.41675,4.0,1.0,8.0,1.0,8.0,1.0,10.0,1.0
108,1.0,6.0,0.0,1.0,1.097954,4.0,1.0,9.0,1.0,3.0,1.0,4.0,1.0
109,1.0,6.0,0.0,7.0,0.350002,4.0,1.0,9.0,1.0,3.0,1.0,10.0,1.0
110,1.0,6.0,1.0,6.0,-0.350002,4.0,1.0,9.0,1.0,4.0,1.0,9.0,1.0
111,1.0,6.0,2.0,3.0,-0.727601,4.0,1.0,9.0,1.0,5.0,1.0,6.0,1.0
112,1.0,6.0,4.0,5.0,-0.488294,4.0,1.0,9.0,1.0,7.0,1.0,8.0,1.0
113,1.0,6.0,6.0,7.0,-0.474366,4.0,1.0,9.0,1.0,9.0,1.0,10.0,1.0
114,1.0,7.0,0.0,2.0,3.526475,4.0,1.0,10.0,1.0,3.0,1.0,5.0,1.0
115,1.0,7.0,1.0,7.0,-3.215624,4.0,1.0,10.0,1.0,4.0,1.0,10.0,1.0
116,1.0,7.0,2.0,6.0,-0.826721,4.0,1.0,10.0,1.0,5.0,1.0,9.0,1.0
117,1.0,8.0,0.0,9.0,5.235812,4.0,1.0,3.0,2.0,3.0,1.0,4.0,2.0
118,1.0,8.0,0.0,14.0,0.532642,4.0,1.0,3.0,2.0,3.0,1.0,9.0,2.0
119,1.0,8.0,1.0,8.0,-5.235812,4.0,1.0,3.0,2.0,4.0,1.0,3.0,2.0
120,1.0,8.0,1.0,15.0,-0.532642,4.0,1.0,3.0,2.0,4.0,1.0,10.0,2.0
121,1.0,8.0,2.0,10.0,2.183231,4.0,1.0,3.0,2.0,5.0,1.0,5.0,2.0
122,1.0,8.0,3.0,11.0,-2.183231,4.0,1.0,3.0,2.0,6.0,1.0,6.0,2.0
123,1.0,8.0,4.0,12.0,-3.014289,4.0,1.0,3.0,2.0,7.0,1.0,7.0,2.0
124,1.0,8.0,5.0,13.0,3.014289,4.0,1.0,3.0,2.0,8.0,1.0,8.0,2.0
125,1.0,8.0,6.0,9.0,0.546812,4.0,1.0,3.0,2.0,9.0,1.0,4.0,2.0
126,1.0,8.0,6.0,14.0,1.753766,4.0,1.0,3.0,2.0,9.0,1.0,9.0,2.0
127,1.0,8.0,7.0,8.0,-0.546812,4.0,1.0,3.0,2.0,10.0,1.0,3.0,2.0
128,1.0,8.0,7.0,15.0,-1.753766,4.0,1.0,3.0,2.0,10.0,1.0,10.0,2.0
129,1.0,9.0,0.0,11.0,0.000947,4.0,1.0,4.0,2.0,3.0,1.0,6.0,2.0
130,1.0,9.0,1.0,9.0,-1e-06,4.0,1.0,4.0,2.0,4.0,1.0,4.0,2.0
131,1.0,9.0,1.0,14.0,-0.000818,4.0,1.0,4.0,2.0,4.0,1.0,9.0,2.0
132,1.0,9.0,2.0,8.0,-0.000947,4.0,1.0,4.0,2.0,5.0,1.0,3.0,2.0
133,1.0,9.0,2.0,15.0,-0.000235,4.0,1.0,4.0,2.0,5.0,1.0,10.0,2.0
134,1.0,9.0,4.0,13.0,4e-06,4.0,1.0,4.0,2.0,7.0,1.0,8.0,2.0
135,1.0,9.0,6.0,11.0,0.000238,4.0,1.0,4.0,2.0,9.0,1.0,6.0,2.0
136,1.0,9.0,7.0,9.0,0.000826,4.0,1.0,4.0,2.0,10.0,1.0,4.0,2.0
137,1.0,9.0,7.0,14.0,-1e-06,4.0,1.0,4.0,2.0,10.0,1.0,9.0,2.0
138,1.0,10.0,0.0,8.0,0.000947,4.0,1.0,5.0,2.0,3.0,1.0,3.0,2.0
139,1.0,10.0,0.0,15.0,1.73513,4.0,1.0,5.0,2.0,3.0,1.0,10.0,2.0
140,1.0,10.0,1.0,10.0,-1.94255,4.0,1.0,5.0,2.0,4.0,1.0,5.0,2.0
141,1.0,10.0,3.0,9.0,1.941916,4.0,1.0,5.0,2.0,6.0,1.0,4.0,2.0
142,1.0,10.0,3.0,14.0,0.44546,4.0,1.0,5.0,2.0,6.0,1.0,9.0,2.0
143,1.0,10.0,5.0,12.0,-0.00675,4.0,1.0,5.0,2.0,8.0,1.0,7.0,2.0
144,1.0,10.0,6.0,8.0,-1.750167,4.0,1.0,5.0,2.0,9.0,1.0,3.0,2.0
145,1.0,10.0,6.0,15.0,0.002475,4.0,1.0,5.0,2.0,9.0,1.0,10.0,2.0
146,1.0,10.0,7.0,10.0,-0.451421,4.0,1.0,5.0,2.0,10.0,1.0,5.0,2.0
147,1.0,11.0,1.0,11.0,-0.241772,4.0,1.0,6.0,2.0,4.0,1.0,6.0,2.0
148,1.0,11.0,2.0,9.0,0.241316,4.0,1.0,6.0,2.0,5.0,1.0,4.0,2.0
149,1.0,11.0,2.0,14.0,-0.802055,4.0,1.0,6.0,2.0,5.0,1.0,9.0,2.0
150,1.0,11.0,7.0,11.0,0.809214,4.0,1.0,6.0,2.0,10.0,1.0,6.0,2.0
151,1.0,12.0,0.0,13.0,2.615272,4.0,1.0,7.0,2.0,3.0,1.0,8.0,2.0
152,1.0,12.0,1.0,12.0,-2.615272,4.0,1.0,7.0,2.0,4.0,1.0,7.0,2.0
153,1.0,12.0,4.0,8.0,-2.660645,4.0,1.0,7.0,2.0,7.0,1.0,3.0,2.0
154,1.0,12.0,4.0,15.0,-0.202287,4.0,1.0,7.0,2.0,7.0,1.0,10.0,2.0
155,1.0,12.0,5.0,9.0,2.660645,4.0,1.0,7.0,2.0,8.0,1.0,4.0,2.0
156,1.0,12.0,5.0,14.0,0.202287,4.0,1.0,7.0,2.0,8.0,1.0,9.0,2.0
157,1.0,12.0,6.0,13.0,0.204933,4.0,1.0,7.0,2.0,9.0,1.0,8.0,2.0
158,1.0,12.0,7.0,12.0,-0.204933,4.0,1.0,7.0,2.0,10.0,1.0,7.0,2.0
159,1.0,13.0,1.0,13.0,-0.351333,4.0,1.0,8.0,2.0,4.0,1.0,8.0,2.0
160,1.0,13.0,2.0,12.0,-0.102702,4.0,1.0,8.0,2.0,5.0,1.0,7.0,2.0
161,1.0,13.0,4.0,9.0,0.353648,4.0,1.0,8.0,2.0,7.0,1.0,4.0,2.0
162,1.0,13.0,4.0,14.0,0.037139,4.0,1.0,8.0,2.0,7.0,1.0,9.0,2.0
163,1.0,13.0,5.0,11.0,0.092862,4.0,1.0,8.0,2.0,8.0,1.0,6.0,2.0
164,1.0,13.0,7.0,13.0,-0.02851,4.0,1.0,8.0,2.0,10.0,1.0,8.0,2.0
165,1.0,14.0,0.0,11.0,1.73513,4.0,1.0,9.0,2.0,3.0,1.0,6.0,2.0
166,1.0,14.0,1.0,9.0,-0.000818,4.0,1.0,9.0,2.0,4.0,1.0,4.0,2.0
167,1.0,14.0,1.0,14.0,-1.570073,4.0,1.0,9.0,2.0,4.0,1.0,9.0,2.0
168,1.0,14.0,2.0,8.0,-1.734336,4.0,1.0,9.0,2.0,5.0,1.0,3.0,2.0
169,1.0,14.0,2.0,15.0,-0.400754,4.0,1.0,9.0,2.0,5.0,1.0,10.0,2.0
170,1.0,14.0,4.0,13.0,0.005771,4.0,1.0,9.0,2.0,7.0,1.0,8.0,2.0
171,1.0,14.0,6.0,11.0,0.406087,4.0,1.0,9.0,2.0,9.0,1.0,6.0,2.0
172,1.0,14.0,7.0,9.0,1.583361,4.0,1.0,9.0,2.0,10.0,1.0,4.0,2.0
173,1.0,14.0,7.0,14.0,-0.002274,4.0,1.0,9.0,2.0,10.0,1.0,9.0,2.0
174,1.0,15.0,0.0,9.0,0.532642,4.0,1.0,10.0,2.0,3.0,1.0,4.0,2.0
175,1.0,15.0,0.0,14.0,0.168228,4.0,1.0,10.0,2.0,3.0,1.0,9.0,2.0
176,1.0,15.0,1.0,8.0,-0.532642,4.0,1.0,10.0,2.0,4.0,1.0,3.0,2.0
177,1.0,15.0,1.0,15.0,-0.168228,4.0,1.0,10.0,2.0,4.0,1.0,10.0,2.0
178,1.0,15.0,2.0,10.0,-0.357497,4.0,1.0,10.0,2.0,5.0,1.0,5.0,2.0
179,1.0,15.0,3.0,11.0,0.357497,4.0,1.0,10.0,2.0,6.0,1.0,6.0,2.0
180,1.0,15.0,4.0,12.0,-0.233655,4.0,1.0,10.0,2.0,7.0,1.0,7.0,2.0
181,1.0,15.0,5.0,13.0,0.233655,4.0,1.0,10.0,2.0,8.0,1.0,8.0,2.0
182,1.0,15.0,6.0,9.0,0.170404,4.0,1.0,10.0,2.0,9.0,1.0,4.0,2.0
183,1.0,15.0,6.0,14.0,-0.232045,4.0,1.0,10.0,2.0,9.0,1.0,9.0,2.0
184,1.0,15.0,7.0,8.0,-0.170404,4.0,1.0,10.0,2.0,10.0,1.0,3.0,2.0
185,1.0,15.0,7.0,15.0,0.232045,4.0,1.0,10.0,2.0,10.0,1.0,10.0,2.0
186,2.0,3.0,0.0,1.0,-4.407839,5.0,1.0,6.0,1.0,3.0,1.0,4.0,1.0
187,2.0,3.0,0.0,7.0,0.727601,5.0,1.0,6.0,1.0,3.0,1.0,10.0,1.0
188,2.0,3.0,1.0,6.0,-0.727601,5.0,1.0,6.0,1.0,4.0,1.0,9.0,1.0
189,2.0,3.0,2.0,3.0,-7.982538,5.0,1.0,6.0,1.0,5.0,1.0,6.0,1.0
190,2.0,3.0,4.0,5.0,3.155283,5.0,1.0,6.0,1.0,7.0,1.0,8.0,1.0
191,2.0,3.0,6.0,7.0,-5.868858,5.0,1.0,6.0,1.0,9.0,1.0,10.0,1.0
192,2.0,4.0,2.0,4.0,-0.537903,5.0,1.0,7.0,1.0,5.0,1.0,7.0,1.0
193,2.0,5.0,1.0,4.0,-0.194509,5.0,1.0,8.0,1.0,4.0,1.0,7.0,1.0
194,2.0,5.0,2.0,5.0,-2.61738,5.0,1.0,8.0,1.0,5.0,1.0,8.0,1.0
195,2.0,5.0,4.0,7.0,-2.250437,5.0,1.0,8.0,1.0,7.0,1.0,10.0,1.0
196,2.0,6.0,0.0,2.0,0.911852,5.0,1.0,9.0,1.0,3.0,1.0,5.0,1.0
197,2.0,6.0,1.0,7.0,-0.826721,5.0,1.0,9.0,1.0,4.0,1.0,10.0,1.0
198,2.0,6.0,2.0,6.0,-0.217671,5.0,1.0,9.0,1.0,5.0,1.0,9.0,1.0
199,2.0,7.0,1.0,2.0,-1.639453,5.0,1.0,10.0,1.0,4.0,1.0,5.0,1.0
200,2.0,7.0,2.0,7.0,-5.651187,5.0,1.0,10.0,1.0,5.0,1.0,10.0,1.0
201,2.0,8.0,0.0,11.0,1.941916,5.0,1.0,3.0,2.0,3.0,1.0,6.0,2.0
202,2.0,8.0,1.0,9.0,-0.000947,5.0,1.0,3.0,2.0,4.0,1.0,4.0,2.0
203,2.0,8.0,1.0,14.0,-1.734336,5.0,1.0,3.0,2.0,4.0,1.0,9.0,2.0
204,2.0,8.0,2.0,8.0,-1.941286,5.0,1.0,3.0,2.0,5.0,1.0,3.0,2.0
205,2.0,8.0,2.0,15.0,-0.445327,5.0,1.0,3.0,2.0,5.0,1.0,10.0,2.0
206,2.0,8.0,4.0,13.0,0.006751,5.0,1.0,3.0,2.0,7.0,1.0,8.0,2.0
207,2.0,8.0,6.0,11.0,0.451285,5.0,1.0,3.0,2.0,9.0,1.0,6.0,2.0
208,2.0,8.0,7.0,9.0,1.749371,5.0,1.0,3.0,2.0,10.0,1.0,4.0,2.0
209,2.0,8.0,7.0,14.0,-0.002473,5.0,1.0,3.0,2.0,10.0,1.0,9.0,2.0
210,2.0,9.0,1.0,11.0,0.241316,5.0,1.0,4.0,2.0,4.0,1.0,6.0,2.0
211,2.0,9.0,2.0,9.0,-0.240861,5.0,1.0,4.0,2.0,5.0,1.0,4.0,2.0
212,2.0,9.0,2.0,14.0,0.800474,5.0,1.0,4.0,2.0,5.0,1.0,9.0,2.0
213,2.0,9.0,7.0,11.0,-0.80762,5.0,1.0,4.0,2.0,10.0,1.0,6.0,2.0
214,2.0,10.0,0.0,9.0,-2.183231,5.0,1.0,5.0,2.0,3.0,1.0,4.0,2.0
215,2.0,10.0,0.0,14.0,0.357497,5.0,1.0,5.0,2.0,3.0,1.0,9.0,2.0
216,2.0,10.0,1.0,8.0,2.183231,5.0,1.0,5.0,2.0,4.0,1.0,3.0,2.0
217,2.0,10.0,1.0,15.0,-0.357497,5.0,1.0,5.0,2.0,4.0,1.0,10.0,2.0
218,2.0,10.0,2.0,10.0,-3.941769,5.0,1.0,5.0,2.0,5.0,1.0,5.0,2.0
219,2.0,10.0,3.0,11.0,3.941769,5.0,1.0,5.0,2.0,6.0,1.0,6.0,2.0
220,2.0,10.0,4.0,12.0,1.553617,5.0,1.0,5.0,2.0,7.0,1.0,7.0,2.0
221,2.0,10.0,5.0,13.0,-1.553617,5.0,1.0,5.0,2.0,8.0,1.0,8.0,2.0
222,2.0,10.0,6.0,9.0,0.355424,5.0,1.0,5.0,2.0,9.0,1.0,4.0,2.0
223,2.0,10.0,6.0,14.0,-2.879957,5.0,1.0,5.0,2.0,9.0,1.0,9.0,2.0
224,2.0,10.0,7.0,8.0,-0.355424,5.0,1.0,5.0,2.0,10.0,1.0,3.0,2.0
225,2.0,10.0,7.0,15.0,2.879957,5.0,1.0,5.0,2.0,10.0,1.0,10.0,2.0
226,2.0,11.0,2.0,11.0,-1e-06,5.0,1.0,6.0,2.0,5.0,1.0,6.0,2.0
227,2.0,12.0,1.0,13.0,-0.102702,5.0,1.0,7.0,2.0,4.0,1.0,8.0,2.0
228,2.0,12.0,2.0,12.0,-1.287347,5.0,1.0,7.0,2.0,5.0,1.0,7.0,2.0
229,2.0,12.0,4.0,9.0,0.0996,5.0,1.0,7.0,2.0,7.0,1.0,4.0,2.0
230,2.0,12.0,4.0,14.0,-1.099741,5.0,1.0,7.0,2.0,7.0,1.0,9.0,2.0
231,2.0,12.0,5.0,11.0,1.290222,5.0,1.0,7.0,2.0,8.0,1.0,6.0,2.0
232,2.0,12.0,7.0,13.0,1.105403,5.0,1.0,7.0,2.0,10.0,1.0,8.0,2.0
233,2.0,13.0,2.0,13.0,-0.259363,5.0,1.0,8.0,2.0,5.0,1.0,8.0,2.0
234,2.0,13.0,4.0,11.0,0.263392,5.0,1.0,8.0,2.0,7.0,1.0,6.0,2.0
235,2.0,14.0,1.0,11.0,-0.802055,5.0,1.0,9.0,2.0,4.0,1.0,6.0,2.0
236,2.0,14.0,2.0,9.0,0.800474,5.0,1.0,9.0,2.0,5.0,1.0,4.0,2.0
237,2.0,14.0,2.0,14.0,-2.749444,5.0,1.0,9.0,2.0,5.0,1.0,9.0,2.0
238,2.0,14.0,7.0,11.0,2.773766,5.0,1.0,9.0,2.0,10.0,1.0,6.0,2.0
239,2.0,15.0,0.0,11.0,0.44546,5.0,1.0,10.0,2.0,3.0,1.0,6.0,2.0
240,2.0,15.0,1.0,9.0,-0.000235,5.0,1.0,10.0,2.0,4.0,1.0,4.0,2.0
241,2.0,15.0,1.0,14.0,-0.400754,5.0,1.0,10.0,2.0,4.0,1.0,9.0,2.0
242,2.0,15.0,2.0,8.0,-0.445327,5.0,1.0,10.0,2.0,5.0,1.0,3.0,2.0
243,2.0,15.0,2.0,15.0,-0.104837,5.0,1.0,10.0,2.0,5.0,1.0,10.0,2.0
244,2.0,15.0,4.0,13.0,0.001518,5.0,1.0,10.0,2.0,7.0,1.0,8.0,2.0
245,2.0,15.0,6.0,11.0,0.106192,5.0,1.0,10.0,2.0,9.0,1.0,6.0,2.0
246,2.0,15.0,7.0,9.0,0.404213,5.0,1.0,10.0,2.0,10.0,1.0,4.0,2.0
247,2.0,15.0,7.0,14.0,-0.000558,5.0,1.0,10.0,2.0,10.0,1.0,9.0,2.0
248,3.0,4.0,0.0,5.0,-0.194509,6.0,1.0,7.0,1.0,3.0,1.0,8.0,1.0
249,3.0,4.0,3.0,4.0,-2.61738,6.0,1.0,7.0,1.0,6.0,1.0,7.0,1.0
250,3.0,4.0,5.0,6.0,-2.250437,6.0,1.0,7.0,1.0,8.0,1.0,9.0,1.0
251,3.0,5.0,3.0,5.0,-0.537903,6.0,1.0,8.0,1.0,6.0,1.0,8.0,1.0
252,3.0,6.0,0.0,3.0,-1.639453,6.0,1.0,9.0,1.0,3.0,1.0,6.0,1.0
253,3.0,6.0,3.0,6.0,-5.651187,6.0,1.0,9.0,1.0,6.0,1.0,9.0,1.0
254,3.0,7.0,0.0,6.0,-0.826721,6.0,1.0,10.0,1.0,3.0,1.0,9.0,1.0
255,3.0,7.0,1.0,3.0,0.911852,6.0,1.0,10.0,1.0,4.0,1.0,6.0,1.0
256,3.0,7.0,3.0,7.0,-0.217671,6.0,1.0,10.0,1.0,6.0,1.0,10.0,1.0
257,3.0,8.0,0.0,10.0,0.241316,6.0,1.0,3.0,2.0,3.0,1.0,5.0,2.0
258,3.0,8.0,3.0,8.0,-0.240861,6.0,1.0,3.0,2.0,6.0,1.0,3.0,2.0
259,3.0,8.0,3.0,15.0,0.800474,6.0,1.0,3.0,2.0,6.0,1.0,10.0,2.0
260,3.0,8.0,6.0,10.0,-0.80762,6.0,1.0,3.0,2.0,9.0,1.0,5.0,2.0
261,3.0,9.0,0.0,8.0,-0.000947,6.0,1.0,4.0,2.0,3.0,1.0,3.0,2.0
262,3.0,9.0,0.0,15.0,-1.734336,6.0,1.0,4.0,2.0,3.0,1.0,10.0,2.0
263,3.0,9.0,1.0,10.0,1.941916,6.0,1.0,4.0,2.0,4.0,1.0,5.0,2.0
264,3.0,9.0,3.0,9.0,-1.941286,6.0,1.0,4.0,2.0,6.0,1.0,4.0,2.0
265,3.0,9.0,3.0,14.0,-0.445327,6.0,1.0,4.0,2.0,6.0,1.0,9.0,2.0
266,3.0,9.0,5.0,12.0,0.006751,6.0,1.0,4.0,2.0,8.0,1.0,7.0,2.0
267,3.0,9.0,6.0,8.0,1.749371,6.0,1.0,4.0,2.0,9.0,1.0,3.0,2.0
268,3.0,9.0,6.0,15.0,-0.002473,6.0,1.0,4.0,2.0,9.0,1.0,10.0,2.0
269,3.0,9.0,7.0,10.0,0.451285,6.0,1.0,4.0,2.0,10.0,1.0,5.0,2.0
270,3.0,10.0,3.0,10.0,-1e-06,6.0,1.0,5.0,2.0,6.0,1.0,5.0,2.0
271,3.0,11.0,0.0,9.0,2.183231,6.0,1.0,6.0,2.0,3.0,1.0,4.0,2.0
272,3.0,11.0,0.0,14.0,-0.357497,6.0,1.0,6.0,2.0,3.0,1.0,9.0,2.0
273,3.0,11.0,1.0,8.0,-2.183231,6.0,1.0,6.0,2.0,4.0,1.0,3.0,2.0
274,3.0,11.0,1.0,15.0,0.357497,6.0,1.0,6.0,2.0,4.0,1.0,10.0,2.0
275,3.0,11.0,2.0,10.0,3.941769,6.0,1.0,6.0,2.0,5.0,1.0,5.0,2.0
276,3.0,11.0,3.0,11.0,-3.941769,6.0,1.0,6.0,2.0,6.0,1.0,6.0,2.0
277,3.0,11.0,4.0,12.0,-1.553617,6.0,1.0,6.0,2.0,7.0,1.0,7.0,2.0
278,3.0,11.0,5.0,13.0,1.553617,6.0,1.0,6.0,2.0,8.0,1.0,8.0,2.0
279,3.0,11.0,6.0,9.0,-0.355424,6.0,1.0,6.0,2.0,9.0,1.0,4.0,2.0
280,3.0,11.0,6.0,14.0,2.879957,6.0,1.0,6.0,2.0,9.0,1.0,9.0,2.0
281,3.0,11.0,7.0,8.0,0.355424,6.0,1.0,6.0,2.0,10.0,1.0,3.0,2.0
282,3.0,11.0,7.0,15.0,-2.879957,6.0,1.0,6.0,2.0,10.0,1.0,10.0,2.0
283,3.0,12.0,3.0,12.0,-0.259363,6.0,1.0,7.0,2.0,6.0,1.0,7.0,2.0
284,3.0,12.0,5.0,10.0,0.263392,6.0,1.0,7.0,2.0,8.0,1.0,5.0,2.0
285,3.0,13.0,0.0,12.0,-0.102702,6.0,1.0,8.0,2.0,3.0,1.0,7.0,2.0
286,3.0,13.0,3.0,13.0,-1.287347,6.0,1.0,8.0,2.0,6.0,1.0,8.0,2.0
287,3.0,13.0,4.0,10.0,1.290222,6.0,1.0,8.0,2.0,7.0,1.0,5.0,2.0
288,3.0,13.0,5.0,8.0,0.0996,6.0,1.0,8.0,2.0,8.0,1.0,3.0,2.0
289,3.0,13.0,5.0,15.0,-1.099741,6.0,1.0,8.0,2.0,8.0,1.0,10.0,2.0
290,3.0,13.0,6.0,12.0,1.105403,6.0,1.0,8.0,2.0,9.0,1.0,7.0,2.0
291,3.0,14.0,0.0,8.0,-0.000235,6.0,1.0,9.0,2.0,3.0,1.0,3.0,2.0
292,3.0,14.0,0.0,15.0,-0.400754,6.0,1.0,9.0,2.0,3.0,1.0,10.0,2.0
293,3.0,14.0,1.0,10.0,0.44546,6.0,1.0,9.0,2.0,4.0,1.0,5.0,2.0
294,3.0,14.0,3.0,9.0,-0.445327,6.0,1.0,9.0,2.0,6.0,1.0,4.0,2.0
295,3.0,14.0,3.0,14.0,-0.104837,6.0,1.0,9.0,2.0,6.0,1.0,9.0,2.0
296,3.0,14.0,5.0,12.0,0.001518,6.0,1.0,9.0,2.0,8.0,1.0,7.0,2.0
297,3.0,14.0,6.0,8.0,0.404213,6.0,1.0,9.0,2.0,9.0,1.0,3.0,2.0
298,3.0,14.0,6.0,15.0,-0.000558,6.0,1.0,9.0,2.0,9.0,1.0,10.0,2.0
299,3.0,14.0,7.0,10.0,0.106192,6.0,1.0,9.0,2.0,10.0,1.0,5.0,2.0
300,3.0,15.0,0.0,10.0,-0.802055,6.0,1.0,10.0,2.0,3.0,1.0,5.0,2.0
301,3.0,15.0,3.0,8.0,0.800474,6.0,1.0,10.0,2.0,6.0,1.0,3.0,2.0
302,3.0,15.0,3.0,15.0,-2.749444,6.0,1.0,10.0,2.0,6.0,1.0,10.0,2.0
303,3.0,15.0,6.0,10.0,2.773766,6.0,1.0,10.0,2.0,9.0,1.0,5.0,2.0
304,4.0,5.0,0.0,1.0,6.129595,7.0,1.0,8.0,1.0,3.0,1.0,4.0,1.0
305,4.0,5.0,0.0,7.0,0.488294,7.0,1.0,8.0,1.0,3.0,1.0,10.0,1.0
306,4.0,5.0,1.0,6.0,-0.488294,7.0,1.0,8.0,1.0,4.0,1.0,9.0,1.0
307,4.0,5.0,2.0,3.0,3.155283,7.0,1.0,8.0,1.0,5.0,1.0,6.0,1.0
308,4.0,5.0,4.0,5.0,-7.132909,7.0,1.0,8.0,1.0,7.0,1.0,8.0,1.0
309,4.0,5.0,6.0,7.0,2.483847,7.0,1.0,8.0,1.0,9.0,1.0,10.0,1.0
310,4.0,6.0,0.0,4.0,0.41675,7.0,1.0,9.0,1.0,3.0,1.0,7.0,1.0
311,4.0,6.0,1.0,5.0,-0.41675,7.0,1.0,9.0,1.0,4.0,1.0,8.0,1.0
312,4.0,6.0,4.0,6.0,-0.432253,7.0,1.0,9.0,1.0,7.0,1.0,9.0,1.0
313,4.0,6.0,5.0,7.0,0.432253,7.0,1.0,9.0,1.0,8.0,1.0,10.0,1.0
314,4.0,7.0,1.0,4.0,0.071544,7.0,1.0,10.0,1.0,4.0,1.0,7.0,1.0
315,4.0,7.0,2.0,5.0,-2.250437,7.0,1.0,10.0,1.0,5.0,1.0,8.0,1.0
316,4.0,7.0,4.0,7.0,-2.051594,7.0,1.0,10.0,1.0,7.0,1.0,10.0,1.0
317,4.0,8.0,0.0,13.0,2.660645,7.0,1.0,3.0,2.0,3.0,1.0,8.0,2.0
318,4.0,8.0,1.0,12.0,-2.660645,7.0,1.0,3.0,2.0,4.0,1.0,7.0,2.0
319,4.0,8.0,4.0,8.0,-2.707159,7.0,1.0,3.0,2.0,7.0,1.0,3.0,2.0
320,4.0,8.0,4.0,15.0,-0.200886,7.0,1.0,3.0,2.0,7.0,1.0,10.0,2.0
321,4.0,8.0,5.0,9.0,2.707159,7.0,1.0,3.0,2.0,8.0,1.0,4.0,2.0
322,4.0,8.0,5.0,14.0,0.200886,7.0,1.0,3.0,2.0,8.0,1.0,9.0,2.0
323,4.0,8.0,6.0,13.0,0.203532,7.0,1.0,3.0,2.0,9.0,1.0,8.0,2.0
324,4.0,8.0,7.0,12.0,-0.203532,7.0,1.0,3.0,2.0,10.0,1.0,7.0,2.0
325,4.0,9.0,1.0,13.0,0.353648,7.0,1.0,4.0,2.0,4.0,1.0,8.0,2.0
326,4.0,9.0,2.0,12.0,0.0996,7.0,1.0,4.0,2.0,5.0,1.0,7.0,2.0
327,4.0,9.0,4.0,9.0,-0.355992,7.0,1.0,4.0,2.0,7.0,1.0,4.0,2.0
328,4.0,9.0,4.0,14.0,-0.040634,7.0,1.0,4.0,2.0,7.0,1.0,9.0,2.0
329,4.0,9.0,5.0,11.0,-0.089682,7.0,1.0,4.0,2.0,8.0,1.0,6.0,2.0
330,4.0,9.0,7.0,13.0,0.031961,7.0,1.0,4.0,2.0,10.0,1.0,8.0,2.0
331,4.0,10.0,0.0,12.0,0.092862,7.0,1.0,5.0,2.0,3.0,1.0,7.0,2.0
332,4.0,10.0,3.0,13.0,1.290222,7.0,1.0,5.0,2.0,6.0,1.0,8.0,2.0
333,4.0,10.0,4.0,10.0,-1.29341,7.0,1.0,5.0,2.0,7.0,1.0,5.0,2.0
334,4.0,10.0,5.0,8.0,-0.089682,7.0,1.0,5.0,2.0,8.0,1.0,3.0,2.0
335,4.0,10.0,5.0,15.0,1.105984,7.0,1.0,5.0,2.0,8.0,1.0,10.0,2.0
336,4.0,10.0,6.0,12.0,-1.111412,7.0,1.0,5.0,2.0,9.0,1.0,7.0,2.0
337,4.0,11.0,2.0,13.0,0.263392,7.0,1.0,6.0,2.0,5.0,1.0,8.0,2.0
338,4.0,11.0,4.0,11.0,-0.267484,7.0,1.0,6.0,2.0,7.0,1.0,6.0,2.0
339,4.0,12.0,0.0,9.0,3.014289,7.0,1.0,7.0,2.0,3.0,1.0,4.0,2.0
340,4.0,12.0,0.0,14.0,0.233655,7.0,1.0,7.0,2.0,3.0,1.0,9.0,2.0
341,4.0,12.0,1.0,8.0,-3.014289,7.0,1.0,7.0,2.0,4.0,1.0,3.0,2.0
342,4.0,12.0,1.0,15.0,-0.233655,7.0,1.0,7.0,2.0,4.0,1.0,10.0,2.0
343,4.0,12.0,2.0,10.0,1.553617,7.0,1.0,7.0,2.0,5.0,1.0,5.0,2.0
344,4.0,12.0,3.0,11.0,-1.553617,7.0,1.0,7.0,2.0,6.0,1.0,6.0,2.0
345,4.0,12.0,4.0,12.0,-3.493102,7.0,1.0,7.0,2.0,7.0,1.0,7.0,2.0
346,4.0,12.0,5.0,13.0,3.493102,7.0,1.0,7.0,2.0,8.0,1.0,8.0,2.0
347,4.0,12.0,6.0,9.0,0.241318,7.0,1.0,7.0,2.0,9.0,1.0,4.0,2.0
348,4.0,12.0,6.0,14.0,1.215205,7.0,1.0,7.0,2.0,9.0,1.0,9.0,2.0
349,4.0,12.0,7.0,8.0,-0.241318,7.0,1.0,7.0,2.0,10.0,1.0,3.0,2.0
350,4.0,12.0,7.0,15.0,-1.215205,7.0,1.0,7.0,2.0,10.0,1.0,10.0,2.0
351,4.0,13.0,0.0,11.0,-0.00675,7.0,1.0,8.0,2.0,3.0,1.0,6.0,2.0
352,4.0,13.0,1.0,9.0,4e-06,7.0,1.0,8.0,2.0,4.0,1.0,4.0,2.0
353,4.0,13.0,1.0,14.0,0.005771,7.0,1.0,8.0,2.0,4.0,1.0,9.0,2.0
354,4.0,13.0,2.0,8.0,0.006751,7.0,1.0,8.0,2.0,5.0,1.0,3.0,2.0
355,4.0,13.0,2.0,15.0,0.001518,7.0,1.0,8.0,2.0,5.0,1.0,10.0,2.0
356,4.0,13.0,4.0,13.0,-2.7e-05,7.0,1.0,8.0,2.0,7.0,1.0,8.0,2.0
357,4.0,13.0,6.0,11.0,-0.001539,7.0,1.0,8.0,2.0,9.0,1.0,6.0,2.0
358,4.0,13.0,7.0,9.0,-0.005825,7.0,1.0,8.0,2.0,10.0,1.0,4.0,2.0
359,4.0,13.0,7.0,14.0,8e-06,7.0,1.0,8.0,2.0,10.0,1.0,9.0,2.0
360,4.0,14.0,1.0,13.0,0.037139,7.0,1.0,9.0,2.0,4.0,1.0,8.0,2.0
361,4.0,14.0,2.0,12.0,-1.099741,7.0,1.0,9.0,2.0,5.0,1.0,7.0,2.0
362,4.0,14.0,4.0,9.0,-0.040634,7.0,1.0,9.0,2.0,7.0,1.0,4.0,2.0
363,4.0,14.0,4.0,14.0,-1.003328,7.0,1.0,9.0,2.0,7.0,1.0,9.0,2.0
364,4.0,14.0,5.0,11.0,1.105984,7.0,1.0,9.0,2.0,8.0,1.0,6.0,2.0
365,4.0,14.0,7.0,13.0,1.004959,7.0,1.0,9.0,2.0,10.0,1.0,8.0,2.0
366,4.0,15.0,0.0,13.0,0.202287,7.0,1.0,10.0,2.0,3.0,1.0,8.0,2.0
367,4.0,15.0,1.0,12.0,-0.202287,7.0,1.0,10.0,2.0,4.0,1.0,7.0,2.0
368,4.0,15.0,4.0,8.0,-0.200886,7.0,1.0,10.0,2.0,7.0,1.0,3.0,2.0
369,4.0,15.0,4.0,15.0,-0.210105,7.0,1.0,10.0,2.0,7.0,1.0,10.0,2.0
370,4.0,15.0,5.0,9.0,0.200886,7.0,1.0,10.0,2.0,8.0,1.0,4.0,2.0
371,4.0,15.0,5.0,14.0,0.210105,7.0,1.0,10.0,2.0,8.0,1.0,9.0,2.0
372,4.0,15.0,6.0,13.0,0.210253,7.0,1.0,10.0,2.0,9.0,1.0,8.0,2.0
373,4.0,15.0,7.0,12.0,-0.210253,7.0,1.0,10.0,2.0,10.0,1.0,7.0,2.0
374,5.0,6.0,0.0,5.0,0.071544,8.0,1.0,9.0,1.0,3.0,1.0,8.0,1.0
375,5.0,6.0,3.0,4.0,-2.250437,8.0,1.0,9.0,1.0,6.0,1.0,7.0,1.0
376,5.0,6.0,5.0,6.0,-2.051594,8.0,1.0,9.0,1.0,8.0,1.0,9.0,1.0
377,5.0,7.0,0.0,4.0,-0.41675,8.0,1.0,10.0,1.0,3.0,1.0,7.0,1.0
378,5.0,7.0,1.0,5.0,0.41675,8.0,1.0,10.0,1.0,4.0,1.0,8.0,1.0
379,5.0,7.0,4.0,6.0,0.432253,8.0,1.0,10.0,1.0,7.0,1.0,9.0,1.0
380,5.0,7.0,5.0,7.0,-0.432253,8.0,1.0,10.0,1.0,8.0,1.0,10.0,1.0
381,5.0,8.0,0.0,12.0,0.353648,8.0,1.0,3.0,2.0,3.0,1.0,7.0,2.0
382,5.0,8.0,3.0,13.0,0.0996,8.0,1.0,3.0,2.0,6.0,1.0,8.0,2.0
383,5.0,8.0,4.0,10.0,-0.089682,8.0,1.0,3.0,2.0,7.0,1.0,5.0,2.0
384,5.0,8.0,5.0,8.0,-0.355992,8.0,1.0,3.0,2.0,8.0,1.0,3.0,2.0
385,5.0,8.0,5.0,15.0,-0.040634,8.0,1.0,3.0,2.0,8.0,1.0,10.0,2.0
386,5.0,8.0,6.0,12.0,0.031961,8.0,1.0,3.0,2.0,9.0,1.0,7.0,2.0
387,5.0,9.0,0.0,13.0,-2.660645,8.0,1.0,4.0,2.0,3.0,1.0,8.0,2.0
388,5.0,9.0,1.0,12.0,2.660645,8.0,1.0,4.0,2.0,4.0,1.0,7.0,2.0
389,5.0,9.0,4.0,8.0,2.707159,8.0,1.0,4.0,2.0,7.0,1.0,3.0,2.0
390,5.0,9.0,4.0,15.0,0.200886,8.0,1.0,4.0,2.0,7.0,1.0,10.0,2.0
391,5.0,9.0,5.0,9.0,-2.707159,8.0,1.0,4.0,2.0,8.0,1.0,4.0,2.0
392,5.0,9.0,5.0,14.0,-0.200886,8.0,1.0,4.0,2.0,8.0,1.0,9.0,2.0
393,5.0,9.0,6.0,13.0,-0.203532,8.0,1.0,4.0,2.0,9.0,1.0,8.0,2.0
394,5.0,9.0,7.0,12.0,0.203532,8.0,1.0,4.0,2.0,10.0,1.0,7.0,2.0
395,5.0,10.0,3.0,12.0,0.263392,8.0,1.0,5.0,2.0,6.0,1.0,7.0,2.0
396,5.0,10.0,5.0,10.0,-0.267484,8.0,1.0,5.0,2.0,8.0,1.0,5.0,2.0
397,5.0,11.0,1.0,13.0,0.092862,8.0,1.0,6.0,2.0,4.0,1.0,8.0,2.0
398,5.0,11.0,2.0,12.0,1.290222,8.0,1.0,6.0,2.0,5.0,1.0,7.0,2.0
399,5.0,11.0,4.0,9.0,-0.089682,8.0,1.0,6.0,2.0,7.0,1.0,4.0,2.0
400,5.0,11.0,4.0,14.0,1.105984,8.0,1.0,6.0,2.0,7.0,1.0,9.0,2.0
401,5.0,11.0,5.0,11.0,-1.29341,8.0,1.0,6.0,2.0,8.0,1.0,6.0,2.0
402,5.0,11.0,7.0,13.0,-1.111412,8.0,1.0,6.0,2.0,10.0,1.0,8.0,2.0
403,5.0,12.0,0.0,8.0,4e-06,8.0,1.0,7.0,2.0,3.0,1.0,3.0,2.0
404,5.0,12.0,0.0,15.0,0.005771,8.0,1.0,7.0,2.0,3.0,1.0,10.0,2.0
405,5.0,12.0,1.0,10.0,-0.00675,8.0,1.0,7.0,2.0,4.0,1.0,5.0,2.0
406,5.0,12.0,3.0,9.0,0.006751,8.0,1.0,7.0,2.0,6.0,1.0,4.0,2.0
407,5.0,12.0,3.0,14.0,0.001518,8.0,1.0,7.0,2.0,6.0,1.0,9.0,2.0
408,5.0,12.0,5.0,12.0,-2.7e-05,8.0,1.0,7.0,2.0,8.0,1.0,7.0,2.0
409,5.0,12.0,6.0,8.0,-0.005825,8.0,1.0,7.0,2.0,9.0,1.0,3.0,2.0
410,5.0,12.0,6.0,15.0,8e-06,8.0,1.0,7.0,2.0,9.0,1.0,10.0,2.0
411,5.0,12.0,7.0,10.0,-0.001539,8.0,1.0,7.0,2.0,10.0,1.0,5.0,2.0
412,5.0,13.0,0.0,9.0,-3.014289,8.0,1.0,8.0,2.0,3.0,1.0,4.0,2.0
413,5.0,13.0,0.0,14.0,-0.233655,8.0,1.0,8.0,2.0,3.0,1.0,9.0,2.0
414,5.0,13.0,1.0,8.0,3.014289,8.0,1.0,8.0,2.0,4.0,1.0,3.0,2.0
415,5.0,13.0,1.0,15.0,0.233655,8.0,1.0,8.0,2.0,4.0,1.0,10.0,2.0
416,5.0,13.0,2.0,10.0,-1.553617,8.0,1.0,8.0,2.0,5.0,1.0,5.0,2.0
417,5.0,13.0,3.0,11.0,1.553617,8.0,1.0,8.0,2.0,6.0,1.0,6.0,2.0
418,5.0,13.0,4.0,12.0,3.493102,8.0,1.0,8.0,2.0,7.0,1.0,7.0,2.0
419,5.0,13.0,5.0,13.0,-3.493102,8.0,1.0,8.0,2.0,8.0,1.0,8.0,2.0
420,5.0,13.0,6.0,9.0,-0.241318,8.0,1.0,8.0,2.0,9.0,1.0,4.0,2.0
421,5.0,13.0,6.0,14.0,-1.215205,8.0,1.0,8.0,2.0,9.0,1.0,9.0,2.0
422,5.0,13.0,7.0,8.0,0.241318,8.0,1.0,8.0,2.0,10.0,1.0,3.0,2.0
423,5.0,13.0,7.0,15.0,1.215205,8.0,1.0,8.0,2.0,10.0,1.0,10.0,2.0
424,5.0,14.0,0.0,13.0,-0.202287,8.0,1.0,9.0,2.0,3.0,1.0,8.0,2.0
425,5.0,14.0,1.0,12.0,0.202287,8.0,1.0,9.0,2.0,4.0,1.0,7.0,2.0
426,5.0,14.0,4.0,8.0,0.200886,8.0,1.0,9.0,2.0,7.0,1.0,3.0,2.0
427,5.0,14.0,4.0,15.0,0.210105,8.0,1.0,9.0,2.0,7.0,1.0,10.0,2.0
428,5.0,14.0,5.0,9.0,-0.200886,8.0,1.0,9.0,2.0,8.0,1.0,4.0,2.0
429,5.0,14.0,5.0,14.0,-0.210105,8.0,1.0,9.0,2.0,8.0,1.0,9.0,2.0
430,5.0,14.0,6.0,13.0,-0.210253,8.0,1.0,9.0,2.0,9.0,1.0,8.0,2.0
431,5.0,14.0,7.0,12.0,0.210253,8.0,1.0,9.0,2.0,10.0,1.0,7.0,2.0
432,5.0,15.0,0.0,12.0,0.037139,8.0,1.0,10.0,2.0,3.0,1.0,7.0,2.0
433,5.0,15.0,3.0,13.0,-1.099741,8.0,1.0,10.0,2.0,6.0,1.0,8.0,2.0
434,5.0,15.0,4.0,10.0,1.105984,8.0,1.0,10.0,2.0,7.0,1.0,5.0,2.0
435,5.0,15.0,5.0,8.0,-0.040634,8.0,1.0,10.0,2.0,8.0,1.0,3.0,2.0
436,5.0,15.0,5.0,15.0,-1.003328,8.0,1.0,10.0,2.0,8.0,1.0,10.0,2.0
437,5.0,15.0,6.0,12.0,1.004959,8.0,1.0,10.0,2.0,9.0,1.0,7.0,2.0
438,6.0,7.0,0.0,1.0,-3.565626,9.0,1.0,10.0,1.0,3.0,1.0,4.0,1.0
439,6.0,7.0,0.0,7.0,0.474366,9.0,1.0,10.0,1.0,3.0,1.0,10.0,1.0
440,6.0,7.0,1.0,6.0,-0.474366,9.0,1.0,10.0,1.0,4.0,1.0,9.0,1.0
441,6.0,7.0,2.0,3.0,-5.868858,9.0,1.0,10.0,1.0,5.0,1.0,6.0,1.0
442,6.0,7.0,4.0,5.0,2.483847,9.0,1.0,10.0,1.0,7.0,1.0,8.0,1.0
443,6.0,7.0,6.0,7.0,-4.618249,9.0,1.0,10.0,1.0,9.0,1.0,10.0,1.0
444,6.0,8.0,0.0,8.0,0.000826,9.0,1.0,3.0,2.0,3.0,1.0,3.0,2.0
445,6.0,8.0,0.0,15.0,1.583361,9.0,1.0,3.0,2.0,3.0,1.0,10.0,2.0
446,6.0,8.0,1.0,10.0,-1.750167,9.0,1.0,3.0,2.0,4.0,1.0,5.0,2.0
447,6.0,8.0,3.0,9.0,1.749371,9.0,1.0,3.0,2.0,6.0,1.0,4.0,2.0
448,6.0,8.0,3.0,14.0,0.404213,9.0,1.0,3.0,2.0,6.0,1.0,9.0,2.0
449,6.0,8.0,5.0,12.0,-0.005825,9.0,1.0,3.0,2.0,8.0,1.0,7.0,2.0
450,6.0,8.0,6.0,8.0,-1.596768,9.0,1.0,3.0,2.0,9.0,1.0,3.0,2.0
451,6.0,8.0,6.0,15.0,0.002293,9.0,1.0,3.0,2.0,9.0,1.0,10.0,2.0
452,6.0,8.0,7.0,10.0,-0.409591,9.0,1.0,3.0,2.0,10.0,1.0,5.0,2.0
453,6.0,9.0,0.0,9.0,-0.546812,9.0,1.0,4.0,2.0,3.0,1.0,4.0,2.0
454,6.0,9.0,0.0,14.0,-0.170404,9.0,1.0,4.0,2.0,3.0,1.0,9.0,2.0
455,6.0,9.0,1.0,8.0,0.546812,9.0,1.0,4.0,2.0,4.0,1.0,3.0,2.0
456,6.0,9.0,1.0,15.0,0.170404,9.0,1.0,4.0,2.0,4.0,1.0,10.0,2.0
457,6.0,9.0,2.0,10.0,0.355424,9.0,1.0,4.0,2.0,5.0,1.0,5.0,2.0
458,6.0,9.0,3.0,11.0,-0.355424,9.0,1.0,4.0,2.0,6.0,1.0,6.0,2.0
459,6.0,9.0,4.0,12.0,0.241318,9.0,1.0,4.0,2.0,7.0,1.0,7.0,2.0
460,6.0,9.0,5.0,13.0,-0.241318,9.0,1.0,4.0,2.0,8.0,1.0,8.0,2.0
461,6.0,9.0,6.0,9.0,-0.172623,9.0,1.0,4.0,2.0,9.0,1.0,4.0,2.0
462,6.0,9.0,6.0,14.0,0.229895,9.0,1.0,4.0,2.0,9.0,1.0,9.0,2.0
463,6.0,9.0,7.0,8.0,0.172623,9.0,1.0,4.0,2.0,10.0,1.0,3.0,2.0
464,6.0,9.0,7.0,15.0,-0.229895,9.0,1.0,4.0,2.0,10.0,1.0,10.0,2.0
465,6.0,10.0,0.0,10.0,0.809214,9.0,1.0,5.0,2.0,3.0,1.0,5.0,2.0
466,6.0,10.0,3.0,8.0,-0.80762,9.0,1.0,5.0,2.0,6.0,1.0,3.0,2.0
467,6.0,10.0,3.0,15.0,2.773766,9.0,1.0,5.0,2.0,6.0,1.0,10.0,2.0
468,6.0,10.0,6.0,10.0,-2.798305,9.0,1.0,5.0,2.0,9.0,1.0,5.0,2.0
469,6.0,11.0,0.0,11.0,-0.451421,9.0,1.0,6.0,2.0,3.0,1.0,6.0,2.0
470,6.0,11.0,1.0,9.0,0.000238,9.0,1.0,6.0,2.0,4.0,1.0,4.0,2.0
471,6.0,11.0,1.0,14.0,0.406087,9.0,1.0,6.0,2.0,4.0,1.0,9.0,2.0
472,6.0,11.0,2.0,8.0,0.451285,9.0,1.0,6.0,2.0,5.0,1.0,3.0,2.0
473,6.0,11.0,2.0,15.0,0.106192,9.0,1.0,6.0,2.0,5.0,1.0,10.0,2.0
474,6.0,11.0,4.0,13.0,-0.001539,9.0,1.0,6.0,2.0,7.0,1.0,8.0,2.0
475,6.0,11.0,6.0,11.0,-0.107566,9.0,1.0,6.0,2.0,9.0,1.0,6.0,2.0
476,6.0,11.0,7.0,9.0,-0.409591,9.0,1.0,6.0,2.0,10.0,1.0,4.0,2.0
477,6.0,11.0,7.0,14.0,0.000566,9.0,1.0,6.0,2.0,10.0,1.0,9.0,2.0
478,6.0,12.0,0.0,12.0,-0.02851,9.0,1.0,7.0,2.0,3.0,1.0,7.0,2.0
479,6.0,12.0,3.0,13.0,1.105403,9.0,1.0,7.0,2.0,6.0,1.0,8.0,2.0
480,6.0,12.0,4.0,10.0,-1.111412,9.0,1.0,7.0,2.0,7.0,1.0,5.0,2.0
481,6.0,12.0,5.0,8.0,0.031961,9.0,1.0,7.0,2.0,8.0,1.0,3.0,2.0
482,6.0,12.0,5.0,15.0,1.004959,9.0,1.0,7.0,2.0,8.0,1.0,10.0,2.0
483,6.0,12.0,6.0,12.0,-1.006818,9.0,1.0,7.0,2.0,9.0,1.0,7.0,2.0
484,6.0,13.0,0.0,13.0,-0.204933,9.0,1.0,8.0,2.0,3.0,1.0,8.0,2.0
485,6.0,13.0,1.0,12.0,0.204933,9.0,1.0,8.0,2.0,4.0,1.0,7.0,2.0
486,6.0,13.0,4.0,8.0,0.203532,9.0,1.0,8.0,2.0,7.0,1.0,3.0,2.0
487,6.0,13.0,4.0,15.0,0.210253,9.0,1.0,8.0,2.0,7.0,1.0,10.0,2.0
488,6.0,13.0,5.0,9.0,-0.203532,9.0,1.0,8.0,2.0,8.0,1.0,4.0,2.0
489,6.0,13.0,5.0,14.0,-0.210253,9.0,1.0,8.0,2.0,8.0,1.0,9.0,2.0
490,6.0,13.0,6.0,13.0,-0.210414,9.0,1.0,8.0,2.0,9.0,1.0,8.0,2.0
491,6.0,13.0,7.0,12.0,0.210414,9.0,1.0,8.0,2.0,10.0,1.0,7.0,2.0
492,6.0,14.0,0.0,9.0,-1.753766,9.0,1.0,9.0,2.0,3.0,1.0,4.0,2.0
493,6.0,14.0,0.0,14.0,0.232045,9.0,1.0,9.0,2.0,3.0,1.0,9.0,2.0
494,6.0,14.0,1.0,8.0,1.753766,9.0,1.0,9.0,2.0,4.0,1.0,3.0,2.0
495,6.0,14.0,1.0,15.0,-0.232045,9.0,1.0,9.0,2.0,4.0,1.0,10.0,2.0
496,6.0,14.0,2.0,10.0,-2.879957,9.0,1.0,9.0,2.0,5.0,1.0,5.0,2.0
497,6.0,14.0,3.0,11.0,2.879957,9.0,1.0,9.0,2.0,6.0,1.0,6.0,2.0
498,6.0,14.0,4.0,12.0,1.215205,9.0,1.0,9.0,2.0,7.0,1.0,7.0,2.0
499,6.0,14.0,5.0,13.0,-1.215205,9.0,1.0,9.0,2.0,8.0,1.0,8.0,2.0
500,6.0,14.0,6.0,9.0,0.229895,9.0,1.0,9.0,2.0,9.0,1.0,4.0,2.0
501,6.0,14.0,6.0,14.0,-2.255413,9.0,1.0,9.0,2.0,9.0,1.0,9.0,2.0
502,6.0,14.0,7.0,8.0,-0.229895,9.0,1.0,9.0,2.0,10.0,1.0,3.0,2.0
503,6.0,14.0,7.0,15.0,2.255413,9.0,1.0,9.0,2.0,10.0,1.0,10.0,2.0
504,6.0,15.0,0.0,8.0,-1e-06,9.0,1.0,10.0,2.0,3.0,1.0,3.0,2.0
505,6.0,15.0,0.0,15.0,-0.002274,9.0,1.0,10.0,2.0,3.0,1.0,10.0,2.0
506,6.0,15.0,1.0,10.0,0.002475,9.0,1.0,10.0,2.0,4.0,1.0,5.0,2.0
507,6.0,15.0,3.0,9.0,-0.002473,9.0,1.0,10.0,2.0,6.0,1.0,4.0,2.0
508,6.0,15.0,3.0,14.0,-0.000558,9.0,1.0,10.0,2.0,6.0,1.0,9.0,2.0
509,6.0,15.0,5.0,12.0,8e-06,9.0,1.0,10.0,2.0,8.0,1.0,7.0,2.0
510,6.0,15.0,6.0,8.0,0.002293,9.0,1.0,10.0,2.0,9.0,1.0,3.0,2.0
511,6.0,15.0,6.0,15.0,-4e-06,9.0,1.0,10.0,2.0,9.0,1.0,10.0,2.0
512,6.0,15.0,7.0,10.0,0.000566,9.0,1.0,10.0,2.0,10.0,1.0,5.0,2.0
513,7.0,8.0,0.0,9.0,0.546812,10.0,1.0,3.0,2.0,3.0,1.0,4.0,2.0
514,7.0,8.0,0.0,14.0,0.170404,10.0,1.0,3.0,2.0,3.0,1.0,9.0,2.0
515,7.0,8.0,1.0,8.0,-0.546812,10.0,1.0,3.0,2.0,4.0,1.0,3.0,2.0
516,7.0,8.0,1.0,15.0,-0.170404,10.0,1.0,3.0,2.0,4.0,1.0,10.0,2.0
517,7.0,8.0,2.0,10.0,-0.355424,10.0,1.0,3.0,2.0,5.0,1.0,5.0,2.0
518,7.0,8.0,3.0,11.0,0.355424,10.0,1.0,3.0,2.0,6.0,1.0,6.0,2.0
519,7.0,8.0,4.0,12.0,-0.241318,10.0,1.0,3.0,2.0,7.0,1.0,7.0,2.0
520,7.0,8.0,5.0,13.0,0.241318,10.0,1.0,3.0,2.0,8.0,1.0,8.0,2.0
521,7.0,8.0,6.0,9.0,0.172623,10.0,1.0,3.0,2.0,9.0,1.0,4.0,2.0
522,7.0,8.0,6.0,14.0,-0.229895,10.0,1.0,3.0,2.0,9.0,1.0,9.0,2.0
523,7.0,8.0,7.0,8.0,-0.172623,10.0,1.0,3.0,2.0,10.0,1.0,3.0,2.0
524,7.0,8.0,7.0,15.0,0.229895,10.0,1.0,3.0,2.0,10.0,1.0,10.0,2.0
525,7.0,9.0,0.0,11.0,-1.750167,10.0,1.0,4.0,2.0,3.0,1.0,6.0,2.0
526,7.0,9.0,1.0,9.0,0.000826,10.0,1.0,4.0,2.0,4.0,1.0,4.0,2.0
527,7.0,9.0,1.0,14.0,1.583361,10.0,1.0,4.0,2.0,4.0,1.0,9.0,2.0
528,7.0,9.0,2.0,8.0,1.749371,10.0,1.0,4.0,2.0,5.0,1.0,3.0,2.0
529,7.0,9.0,2.0,15.0,0.404213,10.0,1.0,4.0,2.0,5.0,1.0,10.0,2.0
530,7.0,9.0,4.0,13.0,-0.005825,10.0,1.0,4.0,2.0,7.0,1.0,8.0,2.0
531,7.0,9.0,6.0,11.0,-0.409591,10.0,1.0,4.0,2.0,9.0,1.0,6.0,2.0
532,7.0,9.0,7.0,9.0,-1.596768,10.0,1.0,4.0,2.0,10.0,1.0,4.0,2.0
533,7.0,9.0,7.0,14.0,0.002293,10.0,1.0,4.0,2.0,10.0,1.0,9.0,2.0
534,7.0,10.0,0.0,8.0,0.000238,10.0,1.0,5.0,2.0,3.0,1.0,3.0,2.0
535,7.0,10.0,0.0,15.0,0.406087,10.0,1.0,5.0,2.0,3.0,1.0,10.0,2.0
536,7.0,10.0,1.0,10.0,-0.451421,10.0,1.0,5.0,2.0,4.0,1.0,5.0,2.0
537,7.0,10.0,3.0,9.0,0.451285,10.0,1.0,5.0,2.0,6.0,1.0,4.0,2.0
538,7.0,10.0,3.0,14.0,0.106192,10.0,1.0,5.0,2.0,6.0,1.0,9.0,2.0
539,7.0,10.0,5.0,12.0,-0.001539,10.0,1.0,5.0,2.0,8.0,1.0,7.0,2.0
540,7.0,10.0,6.0,8.0,-0.409591,10.0,1.0,5.0,2.0,9.0,1.0,3.0,2.0
541,7.0,10.0,6.0,15.0,0.000566,10.0,1.0,5.0,2.0,9.0,1.0,10.0,2.0
542,7.0,10.0,7.0,10.0,-0.107566,10.0,1.0,5.0,2.0,10.0,1.0,5.0,2.0
543,7.0,11.0,1.0,11.0,0.809214,10.0,1.0,6.0,2.0,4.0,1.0,6.0,2.0
544,7.0,11.0,2.0,9.0,-0.80762,10.0,1.0,6.0,2.0,5.0,1.0,4.0,2.0
545,7.0,11.0,2.0,14.0,2.773766,10.0,1.0,6.0,2.0,5.0,1.0,9.0,2.0
546,7.0,11.0,7.0,11.0,-2.798305,10.0,1.0,6.0,2.0,10.0,1.0,6.0,2.0
547,7.0,12.0,0.0,13.0,0.204933,10.0,1.0,7.0,2.0,3.0,1.0,8.0,2.0
548,7.0,12.0,1.0,12.0,-0.204933,10.0,1.0,7.0,2.0,4.0,1.0,7.0,2.0
549,7.0,12.0,4.0,8.0,-0.203532,10.0,1.0,7.0,2.0,7.0,1.0,3.0,2.0
550,7.0,12.0,4.0,15.0,-0.210253,10.0,1.0,7.0,2.0,7.0,1.0,10.0,2.0
551,7.0,12.0,5.0,9.0,0.203532,10.0,1.0,7.0,2.0,8.0,1.0,4.0,2.0
552,7.0,12.0,5.0,14.0,0.210253,10.0,1.0,7.0,2.0,8.0,1.0,9.0,2.0
553,7.0,12.0,6.0,13.0,0.210414,10.0,1.0,7.0,2.0,9.0,1.0,8.0,2.0
554,7.0,12.0,7.0,12.0,-0.210414,10.0,1.0,7.0,2.0,10.0,1.0,7.0,2.0
555,7.0,13.0,1.0,13.0,-0.02851,10.0,1.0,8.0,2.0,4.0,1.0,8.0,2.0
556,7.0,13.0,2.0,12.0,1.105403,10.0,1.0,8.0,2.0,5.0,1.0,7.0,2.0
557,7.0,13.0,4.0,9.0,0.031961,10.0,1.0,8.0,2.0,7.0,1.0,4.0,2.0
558,7.0,13.0,4.0,14.0,1.004959,10.0,1.0,8.0,2.0,7.0,1.0,9.0,2.0
559,7.0,13.0,5.0,11.0,-1.111412,10.0,1.0,8.0,2.0,8.0,1.0,6.0,2.0
560,7.0,13.0,7.0,13.0,-1.006818,10.0,1.0,8.0,2.0,10.0,1.0,8.0,2.0
561,7.0,14.0,0.0,11.0,0.002475,10.0,1.0,9.0,2.0,3.0,1.0,6.0,2.0
562,7.0,14.0,1.0,9.0,-1e-06,10.0,1.0,9.0,2.0,4.0,1.0,4.0,2.0
563,7.0,14.0,1.0,14.0,-0.002274,10.0,1.0,9.0,2.0,4.0,1.0,9.0,2.0
564,7.0,14.0,2.0,8.0,-0.002473,10.0,1.0,9.0,2.0,5.0,1.0,3.0,2.0
565,7.0,14.0,2.0,15.0,-0.000558,10.0,1.0,9.0,2.0,5.0,1.0,10.0,2.0
566,7.0,14.0,4.0,13.0,8e-06,10.0,1.0,9.0,2.0,7.0,1.0,8.0,2.0
567,7.0,14.0,6.0,11.0,0.000566,10.0,1.0,9.0,2.0,9.0,1.0,6.0,2.0
568,7.0,14.0,7.0,9.0,0.002293,10.0,1.0,9.0,2.0,10.0,1.0,4.0,2.0
569,7.0,14.0,7.0,14.0,-4e-06,10.0,1.0,9.0,2.0,10.0,1.0,9.0,2.0
570,7.0,15.0,0.0,9.0,1.753766,10.0,1.0,10.0,2.0,3.0,1.0,4.0,2.0
571,7.0,15.0,0.0,14.0,-0.232045,10.0,1.0,10.0,2.0,3.0,1.0,9.0,2.0
572,7.0,15.0,1.0,8.0,-1.753766,10.0,1.0,10.0,2.0,4.0,1.0,3.0,2.0
573,7.0,15.0,1.0,15.0,0.232045,10.0,1.0,10.0,2.0,4.0,1.0,10.0,2.0
574,7.0,15.0,2.0,10.0,2.879957,10.0,1.0,10.0,2.0,5.0,1.0,5.0,2.0
575,7.0,15.0,3.0,11.0,-2.879957,10.0,1.0,10.0,2.0,6.0,1.0,6.0,2.0
576,7.0,15.0,4.0,12.0,-1.215205,10.0,1.0,10.0,2.0,7.0,1.0,7.0,2.0
577,7.0,15.0,5.0,13.0,1.215205,10.0,1.0,10.0,2.0,8.0,1.0,8.0,2.0
578,7.0,15.0,6.0,9.0,-0.229895,10.0,1.0,10.0,2.0,9.0,1.0,4.0,2.0
579,7.0,15.0,6.0,14.0,2.255413,10.0,1.0,10.0,2.0,9.0,1.0,9.0,2.0
580,7.0,15.0,7.0,8.0,0.229895,10.0,1.0,10.0,2.0,10.0,1.0,3.0,2.0
581,7.0,15.0,7.0,15.0,-2.255413,10.0,1.0,10.0,2.0,10.0,1.0,10.0,2.0
582,8.0,9.0,8.0,9.0,-10.396199,3.0,2.0,4.0,2.0,3.0,2.0,4.0,2.0
583,8.0,9.0,8.0,14.0,-1.061235,3.0,2.0,4.0,2.0,3.0,2.0,9.0,2.0
584,8.0,9.0,9.0,15.0,1.061235,3.0,2.0,4.0,2.0,4.0,2.0,10.0,2.0
585,8.0,9.0,10.0,11.0,4.325953,3.0,2.0,4.0,2.0,5.0,2.0,6.0,2.0
586,8.0,9.0,12.0,13.0,-5.930916,3.0,2.0,4.0,2.0,7.0,2.0,8.0,2.0
587,8.0,9.0,14.0,15.0,3.450956,3.0,2.0,4.0,2.0,9.0,2.0,10.0,2.0
588,8.0,10.0,8.0,10.0,-0.474309,3.0,2.0,5.0,2.0,3.0,2.0,5.0,2.0
589,8.0,10.0,10.0,15.0,-1.58058,3.0,2.0,5.0,2.0,5.0,2.0,10.0,2.0
590,8.0,11.0,8.0,11.0,-3.851644,3.0,2.0,6.0,2.0,3.0,2.0,6.0,2.0
591,8.0,11.0,9.0,14.0,3.4434,3.0,2.0,6.0,2.0,4.0,2.0,9.0,2.0
592,8.0,11.0,11.0,15.0,0.881952,3.0,2.0,6.0,2.0,6.0,2.0,10.0,2.0
593,8.0,12.0,8.0,12.0,-0.694677,3.0,2.0,7.0,2.0,3.0,2.0,7.0,2.0
594,8.0,12.0,10.0,13.0,-0.190332,3.0,2.0,7.0,2.0,5.0,2.0,8.0,2.0
595,8.0,12.0,12.0,15.0,0.066903,3.0,2.0,7.0,2.0,7.0,2.0,10.0,2.0
596,8.0,13.0,8.0,13.0,-5.236239,3.0,2.0,8.0,2.0,3.0,2.0,8.0,2.0
597,8.0,13.0,9.0,12.0,5.236239,3.0,2.0,8.0,2.0,4.0,2.0,7.0,2.0
598,8.0,13.0,12.0,14.0,-0.395313,3.0,2.0,8.0,2.0,7.0,2.0,9.0,2.0
599,8.0,13.0,13.0,15.0,0.395313,3.0,2.0,8.0,2.0,8.0,2.0,10.0,2.0
600,8.0,14.0,8.0,9.0,-1.061235,3.0,2.0,9.0,2.0,3.0,2.0,4.0,2.0
601,8.0,14.0,8.0,14.0,-0.3319,3.0,2.0,9.0,2.0,3.0,2.0,9.0,2.0
602,8.0,14.0,9.0,15.0,0.3319,3.0,2.0,9.0,2.0,4.0,2.0,10.0,2.0
603,8.0,14.0,10.0,11.0,-0.698628,3.0,2.0,9.0,2.0,5.0,2.0,6.0,2.0
604,8.0,14.0,12.0,13.0,-0.462216,3.0,2.0,9.0,2.0,7.0,2.0,8.0,2.0
605,8.0,14.0,14.0,15.0,-0.449919,3.0,2.0,9.0,2.0,9.0,2.0,10.0,2.0
606,8.0,15.0,8.0,15.0,-3.119057,3.0,2.0,10.0,2.0,3.0,2.0,10.0,2.0
607,8.0,15.0,9.0,10.0,3.4434,3.0,2.0,10.0,2.0,4.0,2.0,5.0,2.0
608,8.0,15.0,10.0,14.0,-0.794315,3.0,2.0,10.0,2.0,5.0,2.0,9.0,2.0
609,9.0,10.0,8.0,15.0,3.4434,4.0,2.0,5.0,2.0,3.0,2.0,10.0,2.0
610,9.0,10.0,9.0,10.0,-3.851644,4.0,2.0,5.0,2.0,4.0,2.0,5.0,2.0
611,9.0,10.0,10.0,14.0,0.881952,4.0,2.0,5.0,2.0,5.0,2.0,9.0,2.0
612,9.0,11.0,9.0,11.0,-0.474309,4.0,2.0,6.0,2.0,4.0,2.0,6.0,2.0
613,9.0,11.0,11.0,14.0,-1.58058,4.0,2.0,6.0,2.0,6.0,2.0,9.0,2.0
614,9.0,12.0,8.0,13.0,5.236239,4.0,2.0,7.0,2.0,3.0,2.0,8.0,2.0
615,9.0,12.0,9.0,12.0,-5.236239,4.0,2.0,7.0,2.0,4.0,2.0,7.0,2.0
616,9.0,12.0,12.0,14.0,0.395313,4.0,2.0,7.0,2.0,7.0,2.0,9.0,2.0
617,9.0,12.0,13.0,15.0,-0.395313,4.0,2.0,7.0,2.0,8.0,2.0,10.0,2.0
618,9.0,13.0,9.0,13.0,-0.694677,4.0,2.0,8.0,2.0,4.0,2.0,8.0,2.0
619,9.0,13.0,11.0,12.0,-0.190332,4.0,2.0,8.0,2.0,6.0,2.0,7.0,2.0
620,9.0,13.0,13.0,14.0,0.066903,4.0,2.0,8.0,2.0,8.0,2.0,9.0,2.0
621,9.0,14.0,8.0,11.0,3.4434,4.0,2.0,9.0,2.0,3.0,2.0,6.0,2.0
622,9.0,14.0,9.0,14.0,-3.119057,4.0,2.0,9.0,2.0,4.0,2.0,9.0,2.0
623,9.0,14.0,11.0,15.0,-0.794315,4.0,2.0,9.0,2.0,6.0,2.0,10.0,2.0
624,9.0,15.0,8.0,9.0,1.061235,4.0,2.0,10.0,2.0,3.0,2.0,4.0,2.0
625,9.0,15.0,8.0,14.0,0.3319,4.0,2.0,10.0,2.0,3.0,2.0,9.0,2.0
626,9.0,15.0,9.0,15.0,-0.3319,4.0,2.0,10.0,2.0,4.0,2.0,10.0,2.0
627,9.0,15.0,10.0,11.0,0.698628,4.0,2.0,10.0,2.0,5.0,2.0,6.0,2.0
628,9.0,15.0,12.0,13.0,0.462216,4.0,2.0,10.0,2.0,7.0,2.0,8.0,2.0
629,9.0,15.0,14.0,15.0,0.449919,4.0,2.0,10.0,2.0,9.0,2.0,10.0,2.0
630,10.0,11.0,8.0,9.0,4.325953,5.0,2.0,6.0,2.0,3.0,2.0,4.0,2.0
631,10.0,11.0,8.0,14.0,-0.698628,5.0,2.0,6.0,2.0,3.0,2.0,9.0,2.0
632,10.0,11.0,9.0,15.0,0.698628,5.0,2.0,6.0,2.0,4.0,2.0,10.0,2.0
633,10.0,11.0,10.0,11.0,-7.7866,5.0,2.0,6.0,2.0,5.0,2.0,6.0,2.0
634,10.0,11.0,12.0,13.0,3.060505,5.0,2.0,6.0,2.0,7.0,2.0,8.0,2.0
635,10.0,11.0,14.0,15.0,-5.653955,5.0,2.0,6.0,2.0,9.0,2.0,10.0,2.0
636,10.0,12.0,10.0,12.0,-0.515983,5.0,2.0,7.0,2.0,5.0,2.0,7.0,2.0
637,10.0,13.0,8.0,12.0,-0.190332,5.0,2.0,8.0,2.0,3.0,2.0,7.0,2.0
638,10.0,13.0,10.0,13.0,-2.544521,5.0,2.0,8.0,2.0,5.0,2.0,8.0,2.0
639,10.0,13.0,12.0,15.0,-2.173059,5.0,2.0,8.0,2.0,7.0,2.0,10.0,2.0
640,10.0,14.0,8.0,15.0,-0.794315,5.0,2.0,9.0,2.0,3.0,2.0,10.0,2.0
641,10.0,14.0,9.0,10.0,0.881952,5.0,2.0,9.0,2.0,4.0,2.0,5.0,2.0
642,10.0,14.0,10.0,14.0,-0.207255,5.0,2.0,9.0,2.0,5.0,2.0,9.0,2.0
643,10.0,15.0,8.0,10.0,-1.58058,5.0,2.0,10.0,2.0,3.0,2.0,5.0,2.0
644,10.0,15.0,10.0,15.0,-5.4467,5.0,2.0,10.0,2.0,5.0,2.0,10.0,2.0
645,11.0,12.0,9.0,13.0,-0.190332,6.0,2.0,7.0,2.0,4.0,2.0,8.0,2.0
646,11.0,12.0,11.0,12.0,-2.544521,6.0,2.0,7.0,2.0,6.0,2.0,7.0,2.0
647,11.0,12.0,13.0,14.0,-2.173059,6.0,2.0,7.0,2.0,8.0,2.0,9.0,2.0
648,11.0,13.0,11.0,13.0,-0.515983,6.0,2.0,8.0,2.0,6.0,2.0,8.0,2.0
649,11.0,14.0,9.0,11.0,-1.58058,6.0,2.0,9.0,2.0,4.0,2.0,6.0,2.0
650,11.0,14.0,11.0,14.0,-5.4467,6.0,2.0,9.0,2.0,6.0,2.0,9.0,2.0
651,11.0,15.0,8.0,11.0,0.881952,6.0,2.0,10.0,2.0,3.0,2.0,6.0,2.0
652,11.0,15.0,9.0,14.0,-0.794315,6.0,2.0,10.0,2.0,4.0,2.0,9.0,2.0
653,11.0,15.0,11.0,15.0,-0.207255,6.0,2.0,10.0,2.0,6.0,2.0,10.0,2.0
654,12.0,13.0,8.0,9.0,-5.930916,7.0,2.0,8.0,2.0,3.0,2.0,4.0,2.0
655,12.0,13.0,8.0,14.0,-0.462216,7.0,2.0,8.0,2.0,3.0,2.0,9.0,2.0
656,12.0,13.0,9.0,15.0,0.462216,7.0,2.0,8.0,2.0,4.0,2.0,10.0,2.0
657,12.0,13.0,10.0,11.0,3.060505,7.0,2.0,8.0,2.0,5.0,2.0,6.0,2.0
658,12.0,13.0,12.0,13.0,-6.845985,7.0,2.0,8.0,2.0,7.0,2.0,8.0,2.0
659,12.0,13.0,14.0,15.0,2.378961,7.0,2.0,8.0,2.0,9.0,2.0,10.0,2.0
660,12.0,14.0,8.0,13.0,-0.395313,7.0,2.0,9.0,2.0,3.0,2.0,8.0,2.0
661,12.0,14.0,9.0,12.0,0.395313,7.0,2.0,9.0,2.0,4.0,2.0,7.0,2.0
662,12.0,14.0,12.0,14.0,-0.409151,7.0,2.0,9.0,2.0,7.0,2.0,9.0,2.0
663,12.0,14.0,13.0,15.0,0.409151,7.0,2.0,9.0,2.0,8.0,2.0,10.0,2.0
664,12.0,15.0,8.0,12.0,0.066903,7.0,2.0,10.0,2.0,3.0,2.0,7.0,2.0
665,12.0,15.0,10.0,13.0,-2.173059,7.0,2.0,10.0,2.0,5.0,2.0,8.0,2.0
666,12.0,15.0,12.0,15.0,-1.96981,7.0,2.0,10.0,2.0,7.0,2.0,10.0,2.0
667,13.0,14.0,9.0,13.0,0.066903,8.0,2.0,9.0,2.0,4.0,2.0,8.0,2.0
668,13.0,14.0,11.0,12.0,-2.173059,8.0,2.0,9.0,2.0,6.0,2.0,7.0,2.0
669,13.0,14.0,13.0,14.0,-1.96981,8.0,2.0,9.0,2.0,8.0,2.0,9.0,2.0
670,13.0,15.0,8.0,13.0,0.395313,8.0,2.0,10.0,2.0,3.0,2.0,8.0,2.0
671,13.0,15.0,9.0,12.0,-0.395313,8.0,2.0,10.0,2.0,4.0,2.0,7.0,2.0
672,13.0,15.0,12.0,14.0,0.409151,8.0,2.0,10.0,2.0,7.0,2.0,9.0,2.0
673,13.0,15.0,13.0,15.0,-0.409151,8.0,2.0,10.0,2.0,8.0,2.0,10.0,2.0
674,14.0,15.0,8.0,9.0,3.450956,9.0,2.0,10.0,2.0,3.0,2.0,4.0,2.0
675,14.0,15.0,8.0,14.0,-0.449919,9.0,2.0,10.0,2.0,3.0,2.0,9.0,2.0
676,14.0,15.0,9.0,15.0,0.449919,9.0,2.0,10.0,2.0,4.0,2.0,10.0,2.0
677,14.0,15.0,10.0,11.0,-5.653955,9.0,2.0,10.0,2.0,5.0,2.0,6.0,2.0
678,14.0,15.0,12.0,13.0,2.378961,9.0,2.0,10.0,2.0,7.0,2.0,8.0,2.0
679,14.0,15.0,14.0,15.0,-4.407297,9.0,2.0,10.0,2.0,9.0,2.0,10.0,2.0
