,i1,isoi1,i2,isoi2,f1,isof1,f2,isof2,V
0,3.0,1.0,4.0,1.0,3.0,1.0,4.0,1.0,-10.548557
1,3.0,1.0,4.0,1.0,3.0,1.0,10.0,1.0,-1.097954
2,3.0,1.0,4.0,1.0,4.0,1.0,9.0,1.0,1.097954
3,3.0,1.0,4.0,1.0,5.0,1.0,6.0,1.0,-4.407839
4,3.0,1.0,4.0,1.0,7.0,1.0,8.0,1.0,6.129595
5,3.0,1.0,4.0,1.0,9.0,1.0,10.0,1.0,-3.565626
6,3.0,1.0,5.0,1.0,3.0,1.0,5.0,1.0,-3.916706
7,3.0,1.0,5.0,1.0,4.0,1.0,10.0,1.0,3.526475
8,3.0,1.0,5.0,1.0,5.0,1.0,9.0,1.0,0.911852
9,3.0,1.0,6.0,1.0,3.0,1.0,6.0,1.0,-0.491133
10,3.0,1.0,6.0,1.0,6.0,1.0,9.0,1.0,-1.639453
11,3.0,1.0,7.0,1.0,3.0,1.0,7.0,1.0,-5.409426
12,3.0,1.0,7.0,1.0,4.0,1.0,8.0,1.0,5.409426
13,3.0,1.0,7.0,1.0,7.0,1.0,9.0,1.0,0.41675
14,3.0,1.0,7.0,1.0,8.0,1.0,10.0,1.0,-0.41675
15,3.0,1.0,8.0,1.0,3.0,1.0,8.0,1.0,-0.720169
16,3.0,1.0,8.0,1.0,6.0,1.0,7.0,1.0,-0.194509
17,3.0,1.0,8.0,1.0,8.0,1.0,9.0,1.0,0.071544
18,3.0,1.0,9.0,1.0,3.0,1.0,9.0,1.0,-3.215624
19,3.0,1.0,9.0,1.0,4.0,1.0,6.0,1.0,3.526475
20,3.0,1.0,9.0,1.0,6.0,1.0,10.0,1.0,-0.826721
21,3.0,1.0,10.0,1.0,3.0,1.0,4.0,1.0,-1.097954
22,3.0,1.0,10.0,1.0,3.0,1.0,10.0,1.0,-0.350002
23,3.0,1.0,10.0,1.0,4.0,1.0,9.0,1.0,0.350002
24,3.0,1.0,10.0,1.0,5.0,1.0,6.0,1.0,0.727601
25,3.0,1.0,10.0,1.0,7.0,1.0,8.0,1.0,0.488294
26,3.0,1.0,10.0,1.0,9.0,1.0,10.0,1.0,0.474366
27,3.0,1.0,3.0,2.0,3.0,1.0,3.0,2.0,-1e-06
28,3.0,1.0,3.0,2.0,3.0,1.0,10.0,2.0,-0.000818
29,3.0,1.0,3.0,2.0,4.0,1.0,5.0,2.0,0.000947
30,3.0,1.0,3.0,2.0,6.0,1.0,4.0,2.0,-0.000947
31,3.0,1.0,3.0,2.0,6.0,1.0,9.0,2.0,-0.000235
32,3.0,1.0,3.0,2.0,8.0,1.0,7.0,2.0,4e-06
33,3.0,1.0,3.0,2.0,9.0,1.0,3.0,2.0,0.000826
34,3.0,1.0,3.0,2.0,9.0,1.0,10.0,2.0,-1e-06
35,3.0,1.0,3.0,2.0,10.0,1.0,5.0,2.0,0.000238
36,3.0,1.0,4.0,2.0,3.0,1.0,4.0,2.0,-5.235812
37,3.0,1.0,4.0,2.0,3.0,1.0,9.0,2.0,-0.532642
38,3.0,1.0,4.0,2.0,4.0,1.0,3.0,2.0,5.235812
39,3.0,1.0,4.0,2.0,4.0,1.0,10.0,2.0,0.532642
40,3.0,1.0,4.0,2.0,5.0,1.0,5.0,2.0,-2.183231
41,3.0,1.0,4.0,2.0,6.0,1.0,6.0,2.0,2.183231
42,3.0,1.0,4.0,2.0,7.0,1.0,7.0,2.0,3.014289
43,3.0,1.0,4.0,2.0,8.0,1.0,8.0,2.0,-3.014289
44,3.0,1.0,4.0,2.0,9.0,1.0,4.0,2.0,-0.546812
45,3.0,1.0,4.0,2.0,9.0,1.0,9.0,2.0,-1.753766
46,3.0,1.0,4.0,2.0,10.0,1.0,3.0,2.0,0.546812
47,3.0,1.0,4.0,2.0,10.0,1.0,10.0,2.0,1.753766
48,3.0,1.0,5.0,2.0,3.0,1.0,5.0,2.0,-0.241772
49,3.0,1.0,5.0,2.0,6.0,1.0,3.0,2.0,0.241316
50,3.0,1.0,5.0,2.0,6.0,1.0,10.0,2.0,-0.802055
51,3.0,1.0,5.0,2.0,9.0,1.0,5.0,2.0,0.809214
52,3.0,1.0,6.0,2.0,3.0,1.0,6.0,2.0,-1.94255
53,3.0,1.0,6.0,2.0,4.0,1.0,4.0,2.0,0.000947
54,3.0,1.0,6.0,2.0,4.0,1.0,9.0,2.0,1.73513
55,3.0,1.0,6.0,2.0,5.0,1.0,3.0,2.0,1.941916
56,3.0,1.0,6.0,2.0,5.0,1.0,10.0,2.0,0.44546
57,3.0,1.0,6.0,2.0,7.0,1.0,8.0,2.0,-0.00675
58,3.0,1.0,6.0,2.0,9.0,1.0,6.0,2.0,-0.451421
59,3.0,1.0,6.0,2.0,10.0,1.0,4.0,2.0,-1.750167
60,3.0,1.0,6.0,2.0,10.0,1.0,9.0,2.0,0.002475
61,3.0,1.0,7.0,2.0,3.0,1.0,7.0,2.0,-0.351333
62,3.0,1.0,7.0,2.0,6.0,1.0,8.0,2.0,-0.102702
63,3.0,1.0,7.0,2.0,7.0,1.0,5.0,2.0,0.092862
64,3.0,1.0,7.0,2.0,8.0,1.0,3.0,2.0,0.353648
65,3.0,1.0,7.0,2.0,8.0,1.0,10.0,2.0,0.037139
66,3.0,1.0,7.0,2.0,9.0,1.0,7.0,2.0,-0.02851
67,3.0,1.0,8.0,2.0,3.0,1.0,8.0,2.0,-2.615272
68,3.0,1.0,8.0,2.0,4.0,1.0,7.0,2.0,2.615272
69,3.0,1.0,8.0,2.0,7.0,1.0,3.0,2.0,2.660645
70,3.0,1.0,8.0,2.0,7.0,1.0,10.0,2.0,0.202287
71,3.0,1.0,8.0,2.0,8.0,1.0,4.0,2.0,-2.660645
72,3.0,1.0,8.0,2.0,8.0,1.0,9.0,2.0,-0.202287
73,3.0,1.0,8.0,2.0,9.0,1.0,8.0,2.0,-0.204933
74,3.0,1.0,8.0,2.0,10.0,1.0,7.0,2.0,0.204933
75,3.0,1.0,9.0,2.0,3.0,1.0,4.0,2.0,-0.532642
76,3.0,1.0,9.0,2.0,3.0,1.0,9.0,2.0,-0.168228
77,3.0,1.0,9.0,2.0,4.0,1.0,3.0,2.0,0.532642
78,3.0,1.0,9.0,2.0,4.0,1.0,10.0,2.0,0.168228
79,3.0,1.0,9.0,2.0,5.0,1.0,5.0,2.0,0.357497
80,3.0,1.0,9.0,2.0,6.0,1.0,6.0,2.0,-0.357497
81,3.0,1.0,9.0,2.0,7.0,1.0,7.0,2.0,0.233655
82,3.0,1.0,9.0,2.0,8.0,1.0,8.0,2.0,-0.233655
83,3.0,1.0,9.0,2.0,9.0,1.0,4.0,2.0,-0.170404
84,3.0,1.0,9.0,2.0,9.0,1.0,9.0,2.0,0.232045
85,3.0,1.0,9.0,2.0,10.0,1.0,3.0,2.0,0.170404
86,3.0,1.0,9.0,2.0,10.0,1.0,10.0,2.0,-0.232045
87,3.0,1.0,10.0,2.0,3.0,1.0,3.0,2.0,-0.000818
88,3.0,1.0,10.0,2.0,3.0,1.0,10.0,2.0,-1.570073
89,3.0,1.0,10.0,2.0,4.0,1.0,5.0,2.0,1.73513
90,3.0,1.0,10.0,2.0,6.0,1.0,4.0,2.0,-1.734336
91,3.0,1.0,10.0,2.0,6.0,1.0,9.0,2.0,-0.400754
92,3.0,1.0,10.0,2.0,8.0,1.0,7.0,2.0,0.005771
93,3.0,1.0,10.0,2.0,9.0,1.0,3.0,2.0,1.583361
94,3.0,1.0,10.0,2.0,9.0,1.0,10.0,2.0,-0.002274
95,3.0,1.0,10.0,2.0,10.0,1.0,5.0,2.0,0.406087
96,4.0,1.0,5.0,1.0,4.0,1.0,5.0,1.0,-0.491133
97,4.0,1.0,5.0,1.0,5.0,1.0,10.0,1.0,-1.639453
98,4.0,1.0,6.0,1.0,3.0,1.0,9.0,1.0,3.526475
99,4.0,1.0,6.0,1.0,4.0,1.0,6.0,1.0,-3.916706
100,4.0,1.0,6.0,1.0,6.0,1.0,10.0,1.0,0.911852
101,4.0,1.0,7.0,1.0,4.0,1.0,7.0,1.0,-0.720169
102,4.0,1.0,7.0,1.0,5.0,1.0,8.0,1.0,-0.194509
103,4.0,1.0,7.0,1.0,7.0,1.0,10.0,1.0,0.071544
104,4.0,1.0,8.0,1.0,3.0,1.0,7.0,1.0,5.409426
105,4.0,1.0,8.0,1.0,4.0,1.0,8.0,1.0,-5.409426
106,4.0,1.0,8.0,1.0,7.0,1.0,9.0,1.0,-0.41675
107,4.0,1.0,8.0,1.0,8.0,1.0,10.0,1.0,0.41675
108,4.0,1.0,9.0,1.0,3.0,1.0,4.0,1.0,1.097954
109,4.0,1.0,9.0,1.0,3.0,1.0,10.0,1.0,0.350002
110,4.0,1.0,9.0,1.0,4.0,1.0,9.0,1.0,-0.350002
111,4.0,1.0,9.0,1.0,5.0,1.0,6.0,1.0,-0.727601
112,4.0,1.0,9.0,1.0,7.0,1.0,8.0,1.0,-0.488294
113,4.0,1.0,9.0,1.0,9.0,1.0,10.0,1.0,-0.474366
114,4.0,1.0,10.0,1.0,3.0,1.0,5.0,1.0,3.526475
115,4.0,1.0,10.0,1.0,4.0,1.0,10.0,1.0,-3.215624
116,4.0,1.0,10.0,1.0,5.0,1.0,9.0,1.0,-0.826721
117,4.0,1.0,3.0,2.0,3.0,1.0,4.0,2.0,5.235812
118,4.0,1.0,3.0,2.0,3.0,1.0,9.0,2.0,0.532642
119,4.0,1.0,3.0,2.0,4.0,1.0,3.0,2.0,-5.235812
120,4.0,1.0,3.0,2.0,4.0,1.0,10.0,2.0,-0.532642
121,4.0,1.0,3.0,2.0,5.0,1.0,5.0,2.0,2.183231
122,4.0,1.0,3.0,2.0,6.0,1.0,6.0,2.0,-2.183231
123,4.0,1.0,3.0,2.0,7.0,1.0,7.0,2.0,-3.014289
124,4.0,1.0,3.0,2.0,8.0,1.0,8.0,2.0,3.014289
125,4.0,1.0,3.0,2.0,9.0,1.0,4.0,2.0,0.546812
126,4.0,1.0,3.0,2.0,9.0,1.0,9.0,2.0,1.753766
127,4.0,1.0,3.0,2.0,10.0,1.0,3.0,2.0,-0.546812
128,4.0,1.0,3.0,2.0,10.0,1.0,10.0,2.0,-1.753766
129,4.0,1.0,4.0,2.0,3.0,1.0,6.0,2.0,0.000947
130,4.0,1.0,4.0,2.0,4.0,1.0,4.0,2.0,-1e-06
131,4.0,1.0,4.0,2.0,4.0,1.0,9.0,2.0,-0.000818
132,4.0,1.0,4.0,2.0,5.0,1.0,3.0,2.0,-0.000947
133,4.0,1.0,4.0,2.0,5.0,1.0,10.0,2.0,-0.000235
134,4.0,1.0,4.0,2.0,7.0,1.0,8.0,2.0,4e-06
135,4.0,1.0,4.0,2.0,9.0,1.0,6.0,2.0,0.000238
136,4.0,1.0,4.0,2.0,10.0,1.0,4.0,2.0,0.000826
137,4.0,1.0,4.0,2.0,10.0,1.0,9.0,2.0,-1e-06
138,4.0,1.0,5.0,2.0,3.0,1.0,3.0,2.0,0.000947
139,4.0,1.0,5.0,2.0,3.0,1.0,10.0,2.0,1.73513
140,4.0,1.0,5.0,2.0,4.0,1.0,5.0,2.0,-1.94255
141,4.0,1.0,5.0,2.0,6.0,1.0,4.0,2.0,1.941916
142,4.0,1.0,5.0,2.0,6.0,1.0,9.0,2.0,0.44546
143,4.0,1.0,5.0,2.0,8.0,1.0,7.0,2.0,-0.00675
144,4.0,1.0,5.0,2.0,9.0,1.0,3.0,2.0,-1.750167
145,4.0,1.0,5.0,2.0,9.0,1.0,10.0,2.0,0.002475
146,4.0,1.0,5.0,2.0,10.0,1.0,5.0,2.0,-0.451421
147,4.0,1.0,6.0,2.0,4.0,1.0,6.0,2.0,-0.241772
148,4.0,1.0,6.0,2.0,5.0,1.0,4.0,2.0,0.241316
149,4.0,1.0,6.0,2.0,5.0,1.0,9.0,2.0,-0.802055
150,4.0,1.0,6.0,2.0,10.0,1.0,6.0,2.0,0.809214
151,4.0,1.0,7.0,2.0,3.0,1.0,8.0,2.0,2.615272
152,4.0,1.0,7.0,2.0,4.0,1.0,7.0,2.0,-2.615272
153,4.0,1.0,7.0,2.0,7.0,1.0,3.0,2.0,-2.660645
154,4.0,1.0,7.0,2.0,7.0,1.0,10.0,2.0,-0.202287
155,4.0,1.0,7.0,2.0,8.0,1.0,4.0,2.0,2.660645
156,4.0,1.0,7.0,2.0,8.0,1.0,9.0,2.0,0.202287
157,4.0,1.0,7.0,2.0,9.0,1.0,8.0,2.0,0.204933
158,4.0,1.0,7.0,2.0,10.0,1.0,7.0,2.0,-0.204933
159,4.0,1.0,8.0,2.0,4.0,1.0,8.0,2.0,-0.351333
160,4.0,1.0,8.0,2.0,5.0,1.0,7.0,2.0,-0.102702
161,4.0,1.0,8.0,2.0,7.0,1.0,4.0,2.0,0.353648
162,4.0,1.0,8.0,2.0,7.0,1.0,9.0,2.0,0.037139
163,4.0,1.0,8.0,2.0,8.0,1.0,6.0,2.0,0.092862
164,4.0,1.0,8.0,2.0,10.0,1.0,8.0,2.0,-0.02851
165,4.0,1.0,9.0,2.0,3.0,1.0,6.0,2.0,1.73513
166,4.0,1.0,9.0,2.0,4.0,1.0,4.0,2.0,-0.000818
167,4.0,1.0,9.0,2.0,4.0,1.0,9.0,2.0,-1.570073
168,4.0,1.0,9.0,2.0,5.0,1.0,3.0,2.0,-1.734336
169,4.0,1.0,9.0,2.0,5.0,1.0,10.0,2.0,-0.400754
170,4.0,1.0,9.0,2.0,7.0,1.0,8.0,2.0,0.005771
171,4.0,1.0,9.0,2.0,9.0,1.0,6.0,2.0,0.406087
172,4.0,1.0,9.0,2.0,10.0,1.0,4.0,2.0,1.583361
173,4.0,1.0,9.0,2.0,10.0,1.0,9.0,2.0,-0.002274
174,4.0,1.0,10.0,2.0,3.0,1.0,4.0,2.0,0.532642
175,4.0,1.0,10.0,2.0,3.0,1.0,9.0,2.0,0.168228
176,4.0,1.0,10.0,2.0,4.0,1.0,3.0,2.0,-0.532642
177,4.0,1.0,10.0,2.0,4.0,1.0,10.0,2.0,-0.168228
178,4.0,1.0,10.0,2.0,5.0,1.0,5.0,2.0,-0.357497
179,4.0,1.0,10.0,2.0,6.0,1.0,6.0,2.0,0.357497
180,4.0,1.0,10.0,2.0,7.0,1.0,7.0,2.0,-0.233655
181,4.0,1.0,10.0,2.0,8.0,1.0,8.0,2.0,0.233655
182,4.0,1.0,10.0,2.0,9.0,1.0,4.0,2.0,0.170404
183,4.0,1.0,10.0,2.0,9.0,1.0,9.0,2.0,-0.232045
184,4.0,1.0,10.0,2.0,10.0,1.0,3.0,2.0,-0.170404
185,4.0,1.0,10.0,2.0,10.0,1.0,10.0,2.0,0.232045
186,5.0,1.0,6.0,1.0,3.0,1.0,4.0,1.0,-4.407839
187,5.0,1.0,6.0,1.0,3.0,1.0,10.0,1.0,0.727601
188,5.0,1.0,6.0,1.0,4.0,1.0,9.0,1.0,-0.727601
189,5.0,1.0,6.0,1.0,5.0,1.0,6.0,1.0,-7.982538
190,5.0,1.0,6.0,1.0,7.0,1.0,8.0,1.0,3.155283
191,5.0,1.0,6.0,1.0,9.0,1.0,10.0,1.0,-5.868858
192,5.0,1.0,7.0,1.0,5.0,1.0,7.0,1.0,-0.537903
193,5.0,1.0,8.0,1.0,4.0,1.0,7.0,1.0,-0.194509
194,5.0,1.0,8.0,1.0,5.0,1.0,8.0,1.0,-2.61738
195,5.0,1.0,8.0,1.0,7.0,1.0,10.0,1.0,-2.250437
196,5.0,1.0,9.0,1.0,3.0,1.0,5.0,1.0,0.911852
197,5.0,1.0,9.0,1.0,4.0,1.0,10.0,1.0,-0.826721
198,5.0,1.0,9.0,1.0,5.0,1.0,9.0,1.0,-0.217671
199,5.0,1.0,10.0,1.0,4.0,1.0,5.0,1.0,-1.639453
200,5.0,1.0,10.0,1.0,5.0,1.0,10.0,1.0,-5.651187
201,5.0,1.0,3.0,2.0,3.0,1.0,6.0,2.0,1.941916
202,5.0,1.0,3.0,2.0,4.0,1.0,4.0,2.0,-0.000947
203,5.0,1.0,3.0,2.0,4.0,1.0,9.0,2.0,-1.734336
204,5.0,1.0,3.0,2.0,5.0,1.0,3.0,2.0,-1.941286
205,5.0,1.0,3.0,2.0,5.0,1.0,10.0,2.0,-0.445327
206,5.0,1.0,3.0,2.0,7.0,1.0,8.0,2.0,0.006751
207,5.0,1.0,3.0,2.0,9.0,1.0,6.0,2.0,0.451285
208,5.0,1.0,3.0,2.0,10.0,1.0,4.0,2.0,1.749371
209,5.0,1.0,3.0,2.0,10.0,1.0,9.0,2.0,-0.002473
210,5.0,1.0,4.0,2.0,4.0,1.0,6.0,2.0,0.241316
211,5.0,1.0,4.0,2.0,5.0,1.0,4.0,2.0,-0.240861
212,5.0,1.0,4.0,2.0,5.0,1.0,9.0,2.0,0.800474
213,5.0,1.0,4.0,2.0,10.0,1.0,6.0,2.0,-0.80762
214,5.0,1.0,5.0,2.0,3.0,1.0,4.0,2.0,-2.183231
215,5.0,1.0,5.0,2.0,3.0,1.0,9.0,2.0,0.357497
216,5.0,1.0,5.0,2.0,4.0,1.0,3.0,2.0,2.183231
217,5.0,1.0,5.0,2.0,4.0,1.0,10.0,2.0,-0.357497
218,5.0,1.0,5.0,2.0,5.0,1.0,5.0,2.0,-3.941769
219,5.0,1.0,5.0,2.0,6.0,1.0,6.0,2.0,3.941769
220,5.0,1.0,5.0,2.0,7.0,1.0,7.0,2.0,1.553617
221,5.0,1.0,5.0,2.0,8.0,1.0,8.0,2.0,-1.553617
222,5.0,1.0,5.0,2.0,9.0,1.0,4.0,2.0,0.355424
223,5.0,1.0,5.0,2.0,9.0,1.0,9.0,2.0,-2.879957
224,5.0,1.0,5.0,2.0,10.0,1.0,3.0,2.0,-0.355424
225,5.0,1.0,5.0,2.0,10.0,1.0,10.0,2.0,2.879957
226,5.0,1.0,6.0,2.0,5.0,1.0,6.0,2.0,-1e-06
227,5.0,1.0,7.0,2.0,4.0,1.0,8.0,2.0,-0.102702
228,5.0,1.0,7.0,2.0,5.0,1.0,7.0,2.0,-1.287347
229,5.0,1.0,7.0,2.0,7.0,1.0,4.0,2.0,0.0996
230,5.0,1.0,7.0,2.0,7.0,1.0,9.0,2.0,-1.099741
231,5.0,1.0,7.0,2.0,8.0,1.0,6.0,2.0,1.290222
232,5.0,1.0,7.0,2.0,10.0,1.0,8.0,2.0,1.105403
233,5.0,1.0,8.0,2.0,5.0,1.0,8.0,2.0,-0.259363
234,5.0,1.0,8.0,2.0,7.0,1.0,6.0,2.0,0.263392
235,5.0,1.0,9.0,2.0,4.0,1.0,6.0,2.0,-0.802055
236,5.0,1.0,9.0,2.0,5.0,1.0,4.0,2.0,0.800474
237,5.0,1.0,9.0,2.0,5.0,1.0,9.0,2.0,-2.749444
238,5.0,1.0,9.0,2.0,10.0,1.0,6.0,2.0,2.773766
239,5.0,1.0,10.0,2.0,3.0,1.0,6.0,2.0,0.44546
240,5.0,1.0,10.0,2.0,4.0,1.0,4.0,2.0,-0.000235
241,5.0,1.0,10.0,2.0,4.0,1.0,9.0,2.0,-0.400754
242,5.0,1.0,10.0,2.0,5.0,1.0,3.0,2.0,-0.445327
243,5.0,1.0,10.0,2.0,5.0,1.0,10.0,2.0,-0.104837
244,5.0,1.0,10.0,2.0,7.0,1.0,8.0,2.0,0.001518
245,5.0,1.0,10.0,2.0,9.0,1.0,6.0,2.0,0.106192
246,5.0,1.0,10.0,2.0,10.0,1.0,4.0,2.0,0.404213
247,5.0,1.0,10.0,2.0,10.0,1.0,9.0,2.0,-0.000558
248,6.0,1.0,7.0,1.0,3.0,1.0,8.0,1.0,-0.194509
249,6.0,1.0,7.0,1.0,6.0,1.0,7.0,1.0,-2.61738
250,6.0,1.0,7.0,1.0,8.0,1.0,9.0,1.0,-2.250437
251,6.0,1.0,8.0,1.0,6.0,1.0,8.0,1.0,-0.537903
252,6.0,1.0,9.0,1.0,3.0,1.0,6.0,1.0,-1.639453
253,6.0,1.0,9.0,1.0,6.0,1.0,9.0,1.0,-5.651187
254,6.0,1.0,10.0,1.0,3.0,1.0,9.0,1.0,-0.826721
255,6.0,1.0,10.0,1.0,4.0,1.0,6.0,1.0,0.911852
256,6.0,1.0,10.0,1.0,6.0,1.0,10.0,1.0,-0.217671
257,6.0,1.0,3.0,2.0,3.0,1.0,5.0,2.0,0.241316
258,6.0,1.0,3.0,2.0,6.0,1.0,3.0,2.0,-0.240861
259,6.0,1.0,3.0,2.0,6.0,1.0,10.0,2.0,0.800474
260,6.0,1.0,3.0,2.0,9.0,1.0,5.0,2.0,-0.80762
261,6.0,1.0,4.0,2.0,3.0,1.0,3.0,2.0,-0.000947
262,6.0,1.0,4.0,2.0,3.0,1.0,10.0,2.0,-1.734336
263,6.0,1.0,4.0,2.0,4.0,1.0,5.0,2.0,1.941916
264,6.0,1.0,4.0,2.0,6.0,1.0,4.0,2.0,-1.941286
265,6.0,1.0,4.0,2.0,6.0,1.0,9.0,2.0,-0.445327
266,6.0,1.0,4.0,2.0,8.0,1.0,7.0,2.0,0.006751
267,6.0,1.0,4.0,2.0,9.0,1.0,3.0,2.0,1.749371
268,6.0,1.0,4.0,2.0,9.0,1.0,10.0,2.0,-0.002473
269,6.0,1.0,4.0,2.0,10.0,1.0,5.0,2.0,0.451285
270,6.0,1.0,5.0,2.0,6.0,1.0,5.0,2.0,-1e-06
271,6.0,1.0,6.0,2.0,3.0,1.0,4.0,2.0,2.183231
272,6.0,1.0,6.0,2.0,3.0,1.0,9.0,2.0,-0.357497
273,6.0,1.0,6.0,2.0,4.0,1.0,3.0,2.0,-2.183231
274,6.0,1.0,6.0,2.0,4.0,1.0,10.0,2.0,0.357497
275,6.0,1.0,6.0,2.0,5.0,1.0,5.0,2.0,3.941769
276,6.0,1.0,6.0,2.0,6.0,1.0,6.0,2.0,-3.941769
277,6.0,1.0,6.0,2.0,7.0,1.0,7.0,2.0,-1.553617
278,6.0,1.0,6.0,2.0,8.0,1.0,8.0,2.0,1.553617
279,6.0,1.0,6.0,2.0,9.0,1.0,4.0,2.0,-0.355424
280,6.0,1.0,6.0,2.0,9.0,1.0,9.0,2.0,2.879957
281,6.0,1.0,6.0,2.0,10.0,1.0,3.0,2.0,0.355424
282,6.0,1.0,6.0,2.0,10.0,1.0,10.0,2.0,-2.879957
283,6.0,1.0,7.0,2.0,6.0,1.0,7.0,2.0,-0.259363
284,6.0,1.0,7.0,2.0,8.0,1.0,5.0,2.0,0.263392
285,6.0,1.0,8.0,2.0,3.0,1.0,7.0,2.0,-0.102702
286,6.0,1.0,8.0,2.0,6.0,1.0,8.0,2.0,-1.287347
287,6.0,1.0,8.0,2.0,7.0,1.0,5.0,2.0,1.290222
288,6.0,1.0,8.0,2.0,8.0,1.0,3.0,2.0,0.0996
289,6.0,1.0,8.0,2.0,8.0,1.0,10.0,2.0,-1.099741
290,6.0,1.0,8.0,2.0,9.0,1.0,7.0,2.0,1.105403
291,6.0,1.0,9.0,2.0,3.0,1.0,3.0,2.0,-0.000235
292,6.0,1.0,9.0,2.0,3.0,1.0,10.0,2.0,-0.400754
293,6.0,1.0,9.0,2.0,4.0,1.0,5.0,2.0,0.44546
294,6.0,1.0,9.0,2.0,6.0,1.0,4.0,2.0,-0.445327
295,6.0,1.0,9.0,2.0,6.0,1.0,9.0,2.0,-0.104837
296,6.0,1.0,9.0,2.0,8.0,1.0,7.0,2.0,0.001518
297,6.0,1.0,9.0,2.0,9.0,1.0,3.0,2.0,0.404213
298,6.0,1.0,9.0,2.0,9.0,1.0,10.0,2.0,-0.000558
299,6.0,1.0,9.0,2.0,10.0,1.0,5.0,2.0,0.106192
300,6.0,1.0,10.0,2.0,3.0,1.0,5.0,2.0,-0.802055
301,6.0,1.0,10.0,2.0,6.0,1.0,3.0,2.0,0.800474
302,6.0,1.0,10.0,2.0,6.0,1.0,10.0,2.0,-2.749444
303,6.0,1.0,10.0,2.0,9.0,1.0,5.0,2.0,2.773766
304,7.0,1.0,8.0,1.0,3.0,1.0,4.0,1.0,6.129595
305,7.0,1.0,8.0,1.0,3.0,1.0,10.0,1.0,0.488294
306,7.0,1.0,8.0,1.0,4.0,1.0,9.0,1.0,-0.488294
307,7.0,1.0,8.0,1.0,5.0,1.0,6.0,1.0,3.155283
308,7.0,1.0,8.0,1.0,7.0,1.0,8.0,1.0,-7.132909
309,7.0,1.0,8.0,1.0,9.0,1.0,10.0,1.0,2.483847
310,7.0,1.0,9.0,1.0,3.0,1.0,7.0,1.0,0.41675
311,7.0,1.0,9.0,1.0,4.0,1.0,8.0,1.0,-0.41675
312,7.0,1.0,9.0,1.0,7.0,1.0,9.0,1.0,-0.432253
313,7.0,1.0,9.0,1.0,8.0,1.0,10.0,1.0,0.432253
314,7.0,1.0,10.0,1.0,4.0,1.0,7.0,1.0,0.071544
315,7.0,1.0,10.0,1.0,5.0,1.0,8.0,1.0,-2.250437
316,7.0,1.0,10.0,1.0,7.0,1.0,10.0,1.0,-2.051594
317,7.0,1.0,3.0,2.0,3.0,1.0,8.0,2.0,2.660645
318,7.0,1.0,3.0,2.0,4.0,1.0,7.0,2.0,-2.660645
319,7.0,1.0,3.0,2.0,7.0,1.0,3.0,2.0,-2.707159
320,7.0,1.0,3.0,2.0,7.0,1.0,10.0,2.0,-0.200886
321,7.0,1.0,3.0,2.0,8.0,1.0,4.0,2.0,2.707159
322,7.0,1.0,3.0,2.0,8.0,1.0,9.0,2.0,0.200886
323,7.0,1.0,3.0,2.0,9.0,1.0,8.0,2.0,0.203532
324,7.0,1.0,3.0,2.0,10.0,1.0,7.0,2.0,-0.203532
325,7.0,1.0,4.0,2.0,4.0,1.0,8.0,2.0,0.353648
326,7.0,1.0,4.0,2.0,5.0,1.0,7.0,2.0,0.0996
327,7.0,1.0,4.0,2.0,7.0,1.0,4.0,2.0,-0.355992
328,7.0,1.0,4.0,2.0,7.0,1.0,9.0,2.0,-0.040634
329,7.0,1.0,4.0,2.0,8.0,1.0,6.0,2.0,-0.089682
330,7.0,1.0,4.0,2.0,10.0,1.0,8.0,2.0,0.031961
331,7.0,1.0,5.0,2.0,3.0,1.0,7.0,2.0,0.092862
332,7.0,1.0,5.0,2.0,6.0,1.0,8.0,2.0,1.290222
333,7.0,1.0,5.0,2.0,7.0,1.0,5.0,2.0,-1.29341
334,7.0,1.0,5.0,2.0,8.0,1.0,3.0,2.0,-0.089682
335,7.0,1.0,5.0,2.0,8.0,1.0,10.0,2.0,1.105984
336,7.0,1.0,5.0,2.0,9.0,1.0,7.0,2.0,-1.111412
337,7.0,1.0,6.0,2.0,5.0,1.0,8.0,2.0,0.263392
338,7.0,1.0,6.0,2.0,7.0,1.0,6.0,2.0,-0.267484
339,7.0,1.0,7.0,2.0,3.0,1.0,4.0,2.0,3.014289
340,7.0,1.0,7.0,2.0,3.0,1.0,9.0,2.0,0.233655
341,7.0,1.0,7.0,2.0,4.0,1.0,3.0,2.0,-3.014289
342,7.0,1.0,7.0,2.0,4.0,1.0,10.0,2.0,-0.233655
343,7.0,1.0,7.0,2.0,5.0,1.0,5.0,2.0,1.553617
344,7.0,1.0,7.0,2.0,6.0,1.0,6.0,2.0,-1.553617
345,7.0,1.0,7.0,2.0,7.0,1.0,7.0,2.0,-3.493102
346,7.0,1.0,7.0,2.0,8.0,1.0,8.0,2.0,3.493102
347,7.0,1.0,7.0,2.0,9.0,1.0,4.0,2.0,0.241318
348,7.0,1.0,7.0,2.0,9.0,1.0,9.0,2.0,1.215205
349,7.0,1.0,7.0,2.0,10.0,1.0,3.0,2.0,-0.241318
350,7.0,1.0,7.0,2.0,10.0,1.0,10.0,2.0,-1.215205
351,7.0,1.0,8.0,2.0,3.0,1.0,6.0,2.0,-0.00675
352,7.0,1.0,8.0,2.0,4.0,1.0,4.0,2.0,4e-06
353,7.0,1.0,8.0,2.0,4.0,1.0,9.0,2.0,0.005771
354,7.0,1.0,8.0,2.0,5.0,1.0,3.0,2.0,0.006751
355,7.0,1.0,8.0,2.0,5.0,1.0,10.0,2.0,0.001518
356,7.0,1.0,8.0,2.0,7.0,1.0,8.0,2.0,-2.7e-05
357,7.0,1.0,8.0,2.0,9.0,1.0,6.0,2.0,-0.001539
358,7.0,1.0,8.0,2.0,10.0,1.0,4.0,2.0,-0.005825
359,7.0,1.0,8.0,2.0,10.0,1.0,9.0,2.0,8e-06
360,7.0,1.0,9.0,2.0,4.0,1.0,8.0,2.0,0.037139
361,7.0,1.0,9.0,2.0,5.0,1.0,7.0,2.0,-1.099741
362,7.0,1.0,9.0,2.0,7.0,1.0,4.0,2.0,-0.040634
363,7.0,1.0,9.0,2.0,7.0,1.0,9.0,2.0,-1.003328
364,7.0,1.0,9.0,2.0,8.0,1.0,6.0,2.0,1.105984
365,7.0,1.0,9.0,2.0,10.0,1.0,8.0,2.0,1.004959
366,7.0,1.0,10.0,2.0,3.0,1.0,8.0,2.0,0.202287
367,7.0,1.0,10.0,2.0,4.0,1.0,7.0,2.0,-0.202287
368,7.0,1.0,10.0,2.0,7.0,1.0,3.0,2.0,-0.200886
369,7.0,1.0,10.0,2.0,7.0,1.0,10.0,2.0,-0.210105
370,7.0,1.0,10.0,2.0,8.0,1.0,4.0,2.0,0.200886
371,7.0,1.0,10.0,2.0,8.0,1.0,9.0,2.0,0.210105
372,7.0,1.0,10.0,2.0,9.0,1.0,8.0,2.0,0.210253
373,7.0,1.0,10.0,2.0,10.0,1.0,7.0,2.0,-0.210253
374,8.0,1.0,9.0,1.0,3.0,1.0,8.0,1.0,0.071544
375,8.0,1.0,9.0,1.0,6.0,1.0,7.0,1.0,-2.250437
376,8.0,1.0,9.0,1.0,8.0,1.0,9.0,1.0,-2.051594
377,8.0,1.0,10.0,1.0,3.0,1.0,7.0,1.0,-0.41675
378,8.0,1.0,10.0,1.0,4.0,1.0,8.0,1.0,0.41675
379,8.0,1.0,10.0,1.0,7.0,1.0,9.0,1.0,0.432253
380,8.0,1.0,10.0,1.0,8.0,1.0,10.0,1.0,-0.432253
381,8.0,1.0,3.0,2.0,3.0,1.0,7.0,2.0,0.353648
382,8.0,1.0,3.0,2.0,6.0,1.0,8.0,2.0,0.0996
383,8.0,1.0,3.0,2.0,7.0,1.0,5.0,2.0,-0.089682
384,8.0,1.0,3.0,2.0,8.0,1.0,3.0,2.0,-0.355992
385,8.0,1.0,3.0,2.0,8.0,1.0,10.0,2.0,-0.040634
386,8.0,1.0,3.0,2.0,9.0,1.0,7.0,2.0,0.031961
387,8.0,1.0,4.0,2.0,3.0,1.0,8.0,2.0,-2.660645
388,8.0,1.0,4.0,2.0,4.0,1.0,7.0,2.0,2.660645
389,8.0,1.0,4.0,2.0,7.0,1.0,3.0,2.0,2.707159
390,8.0,1.0,4.0,2.0,7.0,1.0,10.0,2.0,0.200886
391,8.0,1.0,4.0,2.0,8.0,1.0,4.0,2.0,-2.707159
392,8.0,1.0,4.0,2.0,8.0,1.0,9.0,2.0,-0.200886
393,8.0,1.0,4.0,2.0,9.0,1.0,8.0,2.0,-0.203532
394,8.0,1.0,4.0,2.0,10.0,1.0,7.0,2.0,0.203532
395,8.0,1.0,5.0,2.0,6.0,1.0,7.0,2.0,0.263392
396,8.0,1.0,5.0,2.0,8.0,1.0,5.0,2.0,-0.267484
397,8.0,1.0,6.0,2.0,4.0,1.0,8.0,2.0,0.092862
398,8.0,1.0,6.0,2.0,5.0,1.0,7.0,2.0,1.290222
399,8.0,1.0,6.0,2.0,7.0,1.0,4.0,2.0,-0.089682
400,8.0,1.0,6.0,2.0,7.0,1.0,9.0,2.0,1.105984
401,8.0,1.0,6.0,2.0,8.0,1.0,6.0,2.0,-1.29341
402,8.0,1.0,6.0,2.0,10.0,1.0,8.0,2.0,-1.111412
403,8.0,1.0,7.0,2.0,3.0,1.0,3.0,2.0,4e-06
404,8.0,1.0,7.0,2.0,3.0,1.0,10.0,2.0,0.005771
405,8.0,1.0,7.0,2.0,4.0,1.0,5.0,2.0,-0.00675
406,8.0,1.0,7.0,2.0,6.0,1.0,4.0,2.0,0.006751
407,8.0,1.0,7.0,2.0,6.0,1.0,9.0,2.0,0.001518
408,8.0,1.0,7.0,2.0,8.0,1.0,7.0,2.0,-2.7e-05
409,8.0,1.0,7.0,2.0,9.0,1.0,3.0,2.0,-0.005825
410,8.0,1.0,7.0,2.0,9.0,1.0,10.0,2.0,8e-06
411,8.0,1.0,7.0,2.0,10.0,1.0,5.0,2.0,-0.001539
412,8.0,1.0,8.0,2.0,3.0,1.0,4.0,2.0,-3.014289
413,8.0,1.0,8.0,2.0,3.0,1.0,9.0,2.0,-0.233655
414,8.0,1.0,8.0,2.0,4.0,1.0,3.0,2.0,3.014289
415,8.0,1.0,8.0,2.0,4.0,1.0,10.0,2.0,0.233655
416,8.0,1.0,8.0,2.0,5.0,1.0,5.0,2.0,-1.553617
417,8.0,1.0,8.0,2.0,6.0,1.0,6.0,2.0,1.553617
418,8.0,1.0,8.0,2.0,7.0,1.0,7.0,2.0,3.493102
419,8.0,1.0,8.0,2.0,8.0,1.0,8.0,2.0,-3.493102
420,8.0,1.0,8.0,2.0,9.0,1.0,4.0,2.0,-0.241318
421,8.0,1.0,8.0,2.0,9.0,1.0,9.0,2.0,-1.215205
422,8.0,1.0,8.0,2.0,10.0,1.0,3.0,2.0,0.241318
423,8.0,1.0,8.0,2.0,10.0,1.0,10.0,2.0,1.215205
424,8.0,1.0,9.0,2.0,3.0,1.0,8.0,2.0,-0.202287
425,8.0,1.0,9.0,2.0,4.0,1.0,7.0,2.0,0.202287
426,8.0,1.0,9.0,2.0,7.0,1.0,3.0,2.0,0.200886
427,8.0,1.0,9.0,2.0,7.0,1.0,10.0,2.0,0.210105
428,8.0,1.0,9.0,2.0,8.0,1.0,4.0,2.0,-0.200886
429,8.0,1.0,9.0,2.0,8.0,1.0,9.0,2.0,-0.210105
430,8.0,1.0,9.0,2.0,9.0,1.0,8.0,2.0,-0.210253
431,8.0,1.0,9.0,2.0,10.0,1.0,7.0,2.0,0.210253
432,8.0,1.0,10.0,2.0,3.0,1.0,7.0,2.0,0.037139
433,8.0,1.0,10.0,2.0,6.0,1.0,8.0,2.0,-1.099741
434,8.0,1.0,10.0,2.0,7.0,1.0,5.0,2.0,1.105984
435,8.0,1.0,10.0,2.0,8.0,1.0,3.0,2.0,-0.040634
436,8.0,1.0,10.0,2.0,8.0,1.0,10.0,2.0,-1.003328
437,8.0,1.0,10.0,2.0,9.0,1.0,7.0,2.0,1.004959
438,9.0,1.0,10.0,1.0,3.0,1.0,4.0,1.0,-3.565626
439,9.0,1.0,10.0,1.0,3.0,1.0,10.0,1.0,0.474366
440,9.0,1.0,10.0,1.0,4.0,1.0,9.0,1.0,-0.474366
441,9.0,1.0,10.0,1.0,5.0,1.0,6.0,1.0,-5.868858
442,9.0,1.0,10.0,1.0,7.0,1.0,8.0,1.0,2.483847
443,9.0,1.0,10.0,1.0,9.0,1.0,10.0,1.0,-4.618249
444,9.0,1.0,3.0,2.0,3.0,1.0,3.0,2.0,0.000826
445,9.0,1.0,3.0,2.0,3.0,1.0,10.0,2.0,1.583361
446,9.0,1.0,3.0,2.0,4.0,1.0,5.0,2.0,-1.750167
447,9.0,1.0,3.0,2.0,6.0,1.0,4.0,2.0,1.749371
448,9.0,1.0,3.0,2.0,6.0,1.0,9.0,2.0,0.404213
449,9.0,1.0,3.0,2.0,8.0,1.0,7.0,2.0,-0.005825
450,9.0,1.0,3.0,2.0,9.0,1.0,3.0,2.0,-1.596768
451,9.0,1.0,3.0,2.0,9.0,1.0,10.0,2.0,0.002293
452,9.0,1.0,3.0,2.0,10.0,1.0,5.0,2.0,-0.409591
453,9.0,1.0,4.0,2.0,3.0,1.0,4.0,2.0,-0.546812
454,9.0,1.0,4.0,2.0,3.0,1.0,9.0,2.0,-0.170404
455,9.0,1.0,4.0,2.0,4.0,1.0,3.0,2.0,0.546812
456,9.0,1.0,4.0,2.0,4.0,1.0,10.0,2.0,0.170404
457,9.0,1.0,4.0,2.0,5.0,1.0,5.0,2.0,0.355424
458,9.0,1.0,4.0,2.0,6.0,1.0,6.0,2.0,-0.355424
459,9.0,1.0,4.0,2.0,7.0,1.0,7.0,2.0,0.241318
460,9.0,1.0,4.0,2.0,8.0,1.0,8.0,2.0,-0.241318
461,9.0,1.0,4.0,2.0,9.0,1.0,4.0,2.0,-0.172623
462,9.0,1.0,4.0,2.0,9.0,1.0,9.0,2.0,0.229895
463,9.0,1.0,4.0,2.0,10.0,1.0,3.0,2.0,0.172623
464,9.0,1.0,4.0,2.0,10.0,1.0,10.0,2.0,-0.229895
465,9.0,1.0,5.0,2.0,3.0,1.0,5.0,2.0,0.809214
466,9.0,1.0,5.0,2.0,6.0,1.0,3.0,2.0,-0.80762
467,9.0,1.0,5.0,2.0,6.0,1.0,10.0,2.0,2.773766
468,9.0,1.0,5.0,2.0,9.0,1.0,5.0,2.0,-2.798305
469,9.0,1.0,6.0,2.0,3.0,1.0,6.0,2.0,-0.451421
470,9.0,1.0,6.0,2.0,4.0,1.0,4.0,2.0,0.000238
471,9.0,1.0,6.0,2.0,4.0,1.0,9.0,2.0,0.406087
472,9.0,1.0,6.0,2.0,5.0,1.0,3.0,2.0,0.451285
473,9.0,1.0,6.0,2.0,5.0,1.0,10.0,2.0,0.106192
474,9.0,1.0,6.0,2.0,7.0,1.0,8.0,2.0,-0.001539
475,9.0,1.0,6.0,2.0,9.0,1.0,6.0,2.0,-0.107566
476,9.0,1.0,6.0,2.0,10.0,1.0,4.0,2.0,-0.409591
477,9.0,1.0,6.0,2.0,10.0,1.0,9.0,2.0,0.000566
478,9.0,1.0,7.0,2.0,3.0,1.0,7.0,2.0,-0.02851
479,9.0,1.0,7.0,2.0,6.0,1.0,8.0,2.0,1.105403
480,9.0,1.0,7.0,2.0,7.0,1.0,5.0,2.0,-1.111412
481,9.0,1.0,7.0,2.0,8.0,1.0,3.0,2.0,0.031961
482,9.0,1.0,7.0,2.0,8.0,1.0,10.0,2.0,1.004959
483,9.0,1.0,7.0,2.0,9.0,1.0,7.0,2.0,-1.006818
484,9.0,1.0,8.0,2.0,3.0,1.0,8.0,2.0,-0.204933
485,9.0,1.0,8.0,2.0,4.0,1.0,7.0,2.0,0.204933
486,9.0,1.0,8.0,2.0,7.0,1.0,3.0,2.0,0.203532
487,9.0,1.0,8.0,2.0,7.0,1.0,10.0,2.0,0.210253
488,9.0,1.0,8.0,2.0,8.0,1.0,4.0,2.0,-0.203532
489,9.0,1.0,8.0,2.0,8.0,1.0,9.0,2.0,-0.210253
490,9.0,1.0,8.0,2.0,9.0,1.0,8.0,2.0,-0.210414
491,9.0,1.0,8.0,2.0,10.0,1.0,7.0,2.0,0.210414
492,9.0,1.0,9.0,2.0,3.0,1.0,4.0,2.0,-1.753766
493,9.0,1.0,9.0,2.0,3.0,1.0,9.0,2.0,0.232045
494,9.0,1.0,9.0,2.0,4.0,1.0,3.0,2.0,1.753766
495,9.0,1.0,9.0,2.0,4.0,1.0,10.0,2.0,-0.232045
496,9.0,1.0,9.0,2.0,5.0,1.0,5.0,2.0,-2.879957
497,9.0,1.0,9.0,2.0,6.0,1.0,6.0,2.0,2.879957
498,9.0,1.0,9.0,2.0,7.0,1.0,7.0,2.0,1.215205
499,9.0,1.0,9.0,2.0,8.0,1.0,8.0,2.0,-1.215205
500,9.0,1.0,9.0,2.0,9.0,1.0,4.0,2.0,0.229895
501,9.0,1.0,9.0,2.0,9.0,1.0,9.0,2.0,-2.255413
502,9.0,1.0,9.0,2.0,10.0,1.0,3.0,2.0,-0.229895
503,9.0,1.0,9.0,2.0,10.0,1.0,10.0,2.0,2.255413
504,9.0,1.0,10.0,2.0,3.0,1.0,3.0,2.0,-1e-06
505,9.0,1.0,10.0,2.0,3.0,1.0,10.0,2.0,-0.002274
506,9.0,1.0,10.0,2.0,4.0,1.0,5.0,2.0,0.002475
507,9.0,1.0,10.0,2.0,6.0,1.0,4.0,2.0,-0.002473
508,9.0,1.0,10.0,2.0,6.0,1.0,9.0,2.0,-0.000558
509,9.0,1.0,10.0,2.0,8.0,1.0,7.0,2.0,8e-06
510,9.0,1.0,10.0,2.0,9.0,1.0,3.0,2.0,0.002293
511,9.0,1.0,10.0,2.0,9.0,1.0,10.0,2.0,-4e-06
512,9.0,1.0,10.0,2.0,10.0,1.0,5.0,2.0,0.000566
513,10.0,1.0,3.0,2.0,3.0,1.0,4.0,2.0,0.546812
514,10.0,1.0,3.0,2.0,3.0,1.0,9.0,2.0,0.170404
515,10.0,1.0,3.0,2.0,4.0,1.0,3.0,2.0,-0.546812
516,10.0,1.0,3.0,2.0,4.0,1.0,10.0,2.0,-0.170404
517,10.0,1.0,3.0,2.0,5.0,1.0,5.0,2.0,-0.355424
518,10.0,1.0,3.0,2.0,6.0,1.0,6.0,2.0,0.355424
519,10.0,1.0,3.0,2.0,7.0,1.0,7.0,2.0,-0.241318
520,10.0,1.0,3.0,2.0,8.0,1.0,8.0,2.0,0.241318
521,10.0,1.0,3.0,2.0,9.0,1.0,4.0,2.0,0.172623
522,10.0,1.0,3.0,2.0,9.0,1.0,9.0,2.0,-0.229895
523,10.0,1.0,3.0,2.0,10.0,1.0,3.0,2.0,-0.172623
524,10.0,1.0,3.0,2.0,10.0,1.0,10.0,2.0,0.229895
525,10.0,1.0,4.0,2.0,3.0,1.0,6.0,2.0,-1.750167
526,10.0,1.0,4.0,2.0,4.0,1.0,4.0,2.0,0.000826
527,10.0,1.0,4.0,2.0,4.0,1.0,9.0,2.0,1.583361
528,10.0,1.0,4.0,2.0,5.0,1.0,3.0,2.0,1.749371
529,10.0,1.0,4.0,2.0,5.0,1.0,10.0,2.0,0.404213
530,10.0,1.0,4.0,2.0,7.0,1.0,8.0,2.0,-0.005825
531,10.0,1.0,4.0,2.0,9.0,1.0,6.0,2.0,-0.409591
532,10.0,1.0,4.0,2.0,10.0,1.0,4.0,2.0,-1.596768
533,10.0,1.0,4.0,2.0,10.0,1.0,9.0,2.0,0.002293
534,10.0,1.0,5.0,2.0,3.0,1.0,3.0,2.0,0.000238
535,10.0,1.0,5.0,2.0,3.0,1.0,10.0,2.0,0.406087
536,10.0,1.0,5.0,2.0,4.0,1.0,5.0,2.0,-0.451421
537,10.0,1.0,5.0,2.0,6.0,1.0,4.0,2.0,0.451285
538,10.0,1.0,5.0,2.0,6.0,1.0,9.0,2.0,0.106192
539,10.0,1.0,5.0,2.0,8.0,1.0,7.0,2.0,-0.001539
540,10.0,1.0,5.0,2.0,9.0,1.0,3.0,2.0,-0.409591
541,10.0,1.0,5.0,2.0,9.0,1.0,10.0,2.0,0.000566
542,10.0,1.0,5.0,2.0,10.0,1.0,5.0,2.0,-0.107566
543,10.0,1.0,6.0,2.0,4.0,1.0,6.0,2.0,0.809214
544,10.0,1.0,6.0,2.0,5.0,1.0,4.0,2.0,-0.80762
545,10.0,1.0,6.0,2.0,5.0,1.0,9.0,2.0,2.773766
546,10.0,1.0,6.0,2.0,10.0,1.0,6.0,2.0,-2.798305
547,10.0,1.0,7.0,2.0,3.0,1.0,8.0,2.0,0.204933
548,10.0,1.0,7.0,2.0,4.0,1.0,7.0,2.0,-0.204933
549,10.0,1.0,7.0,2.0,7.0,1.0,3.0,2.0,-0.203532
550,10.0,1.0,7.0,2.0,7.0,1.0,10.0,2.0,-0.210253
551,10.0,1.0,7.0,2.0,8.0,1.0,4.0,2.0,0.203532
552,10.0,1.0,7.0,2.0,8.0,1.0,9.0,2.0,0.210253
553,10.0,1.0,7.0,2.0,9.0,1.0,8.0,2.0,0.210414
554,10.0,1.0,7.0,2.0,10.0,1.0,7.0,2.0,-0.210414
555,10.0,1.0,8.0,2.0,4.0,1.0,8.0,2.0,-0.02851
556,10.0,1.0,8.0,2.0,5.0,1.0,7.0,2.0,1.105403
557,10.0,1.0,8.0,2.0,7.0,1.0,4.0,2.0,0.031961
558,10.0,1.0,8.0,2.0,7.0,1.0,9.0,2.0,1.004959
559,10.0,1.0,8.0,2.0,8.0,1.0,6.0,2.0,-1.111412
560,10.0,1.0,8.0,2.0,10.0,1.0,8.0,2.0,-1.006818
561,10.0,1.0,9.0,2.0,3.0,1.0,6.0,2.0,0.002475
562,10.0,1.0,9.0,2.0,4.0,1.0,4.0,2.0,-1e-06
563,10.0,1.0,9.0,2.0,4.0,1.0,9.0,2.0,-0.002274
564,10.0,1.0,9.0,2.0,5.0,1.0,3.0,2.0,-0.002473
565,10.0,1.0,9.0,2.0,5.0,1.0,10.0,2.0,-0.000558
566,10.0,1.0,9.0,2.0,7.0,1.0,8.0,2.0,8e-06
567,10.0,1.0,9.0,2.0,9.0,1.0,6.0,2.0,0.000566
568,10.0,1.0,9.0,2.0,10.0,1.0,4.0,2.0,0.002293
569,10.0,1.0,9.0,2.0,10.0,1.0,9.0,2.0,-4e-06
570,10.0,1.0,10.0,2.0,3.0,1.0,4.0,2.0,1.753766
571,10.0,1.0,10.0,2.0,3.0,1.0,9.0,2.0,-0.232045
572,10.0,1.0,10.0,2.0,4.0,1.0,3.0,2.0,-1.753766
573,10.0,1.0,10.0,2.0,4.0,1.0,10.0,2.0,0.232045
574,10.0,1.0,10.0,2.0,5.0,1.0,5.0,2.0,2.879957
575,10.0,1.0,10.0,2.0,6.0,1.0,6.0,2.0,-2.879957
576,10.0,1.0,10.0,2.0,7.0,1.0,7.0,2.0,-1.215205
577,10.0,1.0,10.0,2.0,8.0,1.0,8.0,2.0,1.215205
578,10.0,1.0,10.0,2.0,9.0,1.0,4.0,2.0,-0.229895
579,10.0,1.0,10.0,2.0,9.0,1.0,9.0,2.0,2.255413
580,10.0,1.0,10.0,2.0,10.0,1.0,3.0,2.0,0.229895
581,10.0,1.0,10.0,2.0,10.0,1.0,10.0,2.0,-2.255413
582,3.0,2.0,4.0,2.0,3.0,2.0,4.0,2.0,-10.396199
583,3.0,2.0,4.0,2.0,3.0,2.0,9.0,2.0,-1.061235
584,3.0,2.0,4.0,2.0,4.0,2.0,10.0,2.0,1.061235
585,3.0,2.0,4.0,2.0,5.0,2.0,6.0,2.0,4.325953
586,3.0,2.0,4.0,2.0,7.0,2.0,8.0,2.0,-5.930916
587,3.0,2.0,4.0,2.0,9.0,2.0,10.0,2.0,3.450956
588,3.0,2.0,5.0,2.0,3.0,2.0,5.0,2.0,-0.474309
589,3.0,2.0,5.0,2.0,5.0,2.0,10.0,2.0,-1.58058
590,3.0,2.0,6.0,2.0,3.0,2.0,6.0,2.0,-3.851644
591,3.0,2.0,6.0,2.0,4.0,2.0,9.0,2.0,3.4434
592,3.0,2.0,6.0,2.0,6.0,2.0,10.0,2.0,0.881952
593,3.0,2.0,7.0,2.0,3.0,2.0,7.0,2.0,-0.694677
594,3.0,2.0,7.0,2.0,5.0,2.0,8.0,2.0,-0.190332
595,3.0,2.0,7.0,2.0,7.0,2.0,10.0,2.0,0.066903
596,3.0,2.0,8.0,2.0,3.0,2.0,8.0,2.0,-5.236239
597,3.0,2.0,8.0,2.0,4.0,2.0,7.0,2.0,5.236239
598,3.0,2.0,8.0,2.0,7.0,2.0,9.0,2.0,-0.395313
599,3.0,2.0,8.0,2.0,8.0,2.0,10.0,2.0,0.395313
600,3.0,2.0,9.0,2.0,3.0,2.0,4.0,2.0,-1.061235
601,3.0,2.0,9.0,2.0,3.0,2.0,9.0,2.0,-0.3319
602,3.0,2.0,9.0,2.0,4.0,2.0,10.0,2.0,0.3319
603,3.0,2.0,9.0,2.0,5.0,2.0,6.0,2.0,-0.698628
604,3.0,2.0,9.0,2.0,7.0,2.0,8.0,2.0,-0.462216
605,3.0,2.0,9.0,2.0,9.0,2.0,10.0,2.0,-0.449919
606,3.0,2.0,10.0,2.0,3.0,2.0,10.0,2.0,-3.119057
607,3.0,2.0,10.0,2.0,4.0,2.0,5.0,2.0,3.4434
608,3.0,2.0,10.0,2.0,5.0,2.0,9.0,2.0,-0.794315
609,4.0,2.0,5.0,2.0,3.0,2.0,10.0,2.0,3.4434
610,4.0,2.0,5.0,2.0,4.0,2.0,5.0,2.0,-3.851644
611,4.0,2.0,5.0,2.0,5.0,2.0,9.0,2.0,0.881952
612,4.0,2.0,6.0,2.0,4.0,2.0,6.0,2.0,-0.474309
613,4.0,2.0,6.0,2.0,6.0,2.0,9.0,2.0,-1.58058
614,4.0,2.0,7.0,2.0,3.0,2.0,8.0,2.0,5.236239
615,4.0,2.0,7.0,2.0,4.0,2.0,7.0,2.0,-5.236239
616,4.0,2.0,7.0,2.0,7.0,2.0,9.0,2.0,0.395313
617,4.0,2.0,7.0,2.0,8.0,2.0,10.0,2.0,-0.395313
618,4.0,2.0,8.0,2.0,4.0,2.0,8.0,2.0,-0.694677
619,4.0,2.0,8.0,2.0,6.0,2.0,7.0,2.0,-0.190332
620,4.0,2.0,8.0,2.0,8.0,2.0,9.0,2.0,0.066903
621,4.0,2.0,9.0,2.0,3.0,2.0,6.0,2.0,3.4434
622,4.0,2.0,9.0,2.0,4.0,2.0,9.0,2.0,-3.119057
623,4.0,2.0,9.0,2.0,6.0,2.0,10.0,2.0,-0.794315
624,4.0,2.0,10.0,2.0,3.0,2.0,4.0,2.0,1.061235
625,4.0,2.0,10.0,2.0,3.0,2.0,9.0,2.0,0.3319
626,4.0,2.0,10.0,2.0,4.0,2.0,10.0,2.0,-0.3319
627,4.0,2.0,10.0,2.0,5.0,2.0,6.0,2.0,0.698628
628,4.0,2.0,10.0,2.0,7.0,2.0,8.0,2.0,0.462216
629,4.0,2.0,10.0,2.0,9.0,2.0,10.0,2.0,0.449919
630,5.0,2.0,6.0,2.0,3.0,2.0,4.0,2.0,4.325953
631,5.0,2.0,6.0,2.0,3.0,2.0,9.0,2.0,-0.698628
632,5.0,2.0,6.0,2.0,4.0,2.0,10.0,2.0,0.698628
633,5.0,2.0,6.0,2.0,5.0,2.0,6.0,2.0,-7.7866
634,5.0,2.0,6.0,2.0,7.0,2.0,8.0,2.0,3.060505
635,5.0,2.0,6.0,2.0,9.0,2.0,10.0,2.0,-5.653955
636,5.0,2.0,7.0,2.0,5.0,2.0,7.0,2.0,-0.515983
637,5.0,2.0,8.0,2.0,3.0,2.0,7.0,2.0,-0.190332
638,5.0,2.0,8.0,2.0,5.0,2.0,8.0,2.0,-2.544521
639,5.0,2.0,8.0,2.0,7.0,2.0,10.0,2.0,-2.173059
640,5.0,2.0,9.0,2.0,3.0,2.0,10.0,2.0,-0.794315
641,5.0,2.0,9.0,2.0,4.0,2.0,5.0,2.0,0.881952
642,5.0,2.0,9.0,2.0,5.0,2.0,9.0,2.0,-0.207255
643,5.0,2.0,10.0,2.0,3.0,2.0,5.0,2.0,-1.58058
644,5.0,2.0,10.0,2.0,5.0,2.0,10.0,2.0,-5.4467
645,6.0,2.0,7.0,2.0,4.0,2.0,8.0,2.0,-0.190332
646,6.0,2.0,7.0,2.0,6.0,2.0,7.0,2.0,-2.544521
647,6.0,2.0,7.0,2.0,8.0,2.0,9.0,2.0,-2.173059
648,6.0,2.0,8.0,2.0,6.0,2.0,8.0,2.0,-0.515983
649,6.0,2.0,9.0,2.0,4.0,2.0,6.0,2.0,-1.58058
650,6.0,2.0,9.0,2.0,6.0,2.0,9.0,2.0,-5.4467
651,6.0,2.0,10.0,2.0,3.0,2.0,6.0,2.0,0.881952
652,6.0,2.0,10.0,2.0,4.0,2.0,9.0,2.0,-0.794315
653,6.0,2.0,10.0,2.0,6.0,2.0,10.0,2.0,-0.207255
654,7.0,2.0,8.0,2.0,3.0,2.0,4.0,2.0,-5.930916
655,7.0,2.0,8.0,2.0,3.0,2.0,9.0,2.0,-0.462216
656,7.0,2.0,8.0,2.0,4.0,2.0,10.0,2.0,0.462216
657,7.0,2.0,8.0,2.0,5.0,2.0,6.0,2.0,3.060505
658,7.0,2.0,8.0,2.0,7.0,2.0,8.0,2.0,-6.845985
659,7.0,2.0,8.0,2.0,9.0,2.0,10.0,2.0,2.378961
660,7.0,2.0,9.0,2.0,3.0,2.0,8.0,2.0,-0.395313
661,7.0,2.0,9.0,2.0,4.0,2.0,7.0,2.0,0.395313
662,7.0,2.0,9.0,2.0,7.0,2.0,9.0,2.0,-0.409151
663,7.0,2.0,9.0,2.0,8.0,2.0,10.0,2.0,0.409151
664,7.0,2.0,10.0,2.0,3.0,2.0,7.0,2.0,0.066903
665,7.0,2.0,10.0,2.0,5.0,2.0,8.0,2.0,-2.173059
666,7.0,2.0,10.0,2.0,7.0,2.0,10.0,2.0,-1.96981
667,8.0,2.0,9.0,2.0,4.0,2.0,8.0,2.0,0.066903
668,8.0,2.0,9.0,2.0,6.0,2.0,7.0,2.0,-2.173059
669,8.0,2.0,9.0,2.0,8.0,2.0,9.0,2.0,-1.96981
670,8.0,2.0,10.0,2.0,3.0,2.0,8.0,2.0,0.395313
671,8.0,2.0,10.0,2.0,4.0,2.0,7.0,2.0,-0.395313
672,8.0,2.0,10.0,2.0,7.0,2.0,9.0,2.0,0.409151
673,8.0,2.0,10.0,2.0,8.0,2.0,10.0,2.0,-0.409151
674,9.0,2.0,10.0,2.0,3.0,2.0,4.0,2.0,3.450956
675,9.0,2.0,10.0,2.0,3.0,2.0,9.0,2.0,-0.449919
676,9.0,2.0,10.0,2.0,4.0,2.0,10.0,2.0,0.449919
677,9.0,2.0,10.0,2.0,5.0,2.0,6.0,2.0,-5.653955
678,9.0,2.0,10.0,2.0,7.0,2.0,8.0,2.0,2.378961
679,9.0,2.0,10.0,2.0,9.0,2.0,10.0,2.0,-4.407297
